tool		SPF Wednesday 27 November 2019 02:15:09 AM IST	SPF Wednesday 27 November 2019 02:15:09 AM IST	SPF Wednesday 27 November 2019 02:15:09 AM IST	SPF Wednesday 27 November 2019 02:15:09 AM IST
run set		SV-COMP25_runtime-exception.RuntimeException-Java	SV-COMP25_runtime-exception.RuntimeException-Java	SV-COMP25_runtime-exception.RuntimeException-Java	SV-COMP25_runtime-exception.RuntimeException-Java
sv-benchmarks/java/		status	cputime (s)	walltime (s)	memory (MB)
jayhorn-recursive/Ackermann01.yml	true	false	2.056034	2.068794128000036	63.811584
jayhorn-recursive/Addition.yml	true	true	567.296485	567.3989657030002	540.106752
jayhorn-recursive/InfiniteLoop.yml	true	false	1.218307	1.2303408899999795	52.490240
jayhorn-recursive/SatAckermann01.yml	true	TIMEOUT	900.764529	901.0169998550001	1865.129984
jayhorn-recursive/SatAckermann02.yml	true	TIMEOUT	900.774724	901.015351011	1870.303232
jayhorn-recursive/SatAckermann03.yml	true	TIMEOUT	900.779129	901.002700589	1882.230784
jayhorn-recursive/SatAddition01.yml	true	OUT OF MEMORY	140.887208	140.697350379	2999.996416
jayhorn-recursive/SatEvenOdd01.yml	true	unknown	1.994621	2.1027707829999827	63.143936
jayhorn-recursive/SatFibonacci01.yml	true	unknown	1.461583	1.558929981999995	65.191936
jayhorn-recursive/SatFibonacci02.yml	true	true	1.581431	1.6077138770000374	53.010432
jayhorn-recursive/SatFibonacci03.yml	true	TIMEOUT	900.997371	901.2235306200001	1919.225856
jayhorn-recursive/SatGcd.yml	true	OUT OF MEMORY	70.146129	70.04256325799997	2999.996416
jayhorn-recursive/SatHanoi01.yml	true	TIMEOUT	900.973292	901.1097548550001	1926.225920
jayhorn-recursive/SatMccarthy91.yml	true	TIMEOUT	900.92917	901.005196707	567.611392
jayhorn-recursive/SatMultCommutative01.yml	true	TIMEOUT	900.974312	901.0079905609999	241.266688
jayhorn-recursive/SatPrimes01.yml	true	TIMEOUT	900.931425	901.0043935859999	164.872192
jayhorn-recursive/UnsatAckermann01.yml	true	false	1.51462	1.527812608999966	66.424832
jayhorn-recursive/UnsatAddition01.yml	true	false	1.73734	1.749628543999961	63.631360
jayhorn-recursive/UnsatAddition02.yml	true	true	313.688627	313.737125398	889.978880
jayhorn-recursive/UnsatEvenOdd01.yml	true	unknown	1.829758	1.9415442389999953	63.336448
jayhorn-recursive/UnsatFibonacci01.yml	true	false	1.664419	1.6772589310000967	68.575232
jayhorn-recursive/UnsatFibonacci02.yml	true	false	2.740388	2.7540567539999756	76.697600
jayhorn-recursive/UnsatMccarthy91.yml	true	false	1.859546	1.8736565960000462	65.122304
jbmc-regression/ArithmeticException1.yml	true	false	1.449664	1.4631866470001569	65.064960
jbmc-regression/ArithmeticException5.yml	true	true	1.569129	1.582211326999868	52.854784
jbmc-regression/ArithmeticException6.yml	true	false	1.84541	1.8550445360001504	63.172608
jbmc-regression/ArrayIndexOutOfBoundsException1.yml	true	unknown	1.443849	1.4580391679999138	64.442368
jbmc-regression/ArrayIndexOutOfBoundsException2.yml	true	unknown	1.793167	1.806565947000081	65.110016
jbmc-regression/ArrayIndexOutOfBoundsException3.yml	true	unknown	1.390395	1.4034094520000053	63.049728
jbmc-regression/BufferedReaderReadLine.yml	true	false	1.450289	1.4739498490000642	63.172608
jbmc-regression/CharSequenceBug.yml	true	false	1.833725	1.844267008000088	64.786432
jbmc-regression/CharSequenceToString.yml	true	true	1.425976	1.441721520000101	65.425408
jbmc-regression/ClassCastException1.yml	true	false	1.599418	1.6170225829998799	52.748288
jbmc-regression/ClassCastException2.yml	true	true	1.259854	1.2724601349998466	52.613120
jbmc-regression/ClassCastException3.yml	true	false	1.258466	1.2679772710000634	52.690944
jbmc-regression/Class_method1.yml	true	true	1.57199	1.5848470470000393	52.523008
jbmc-regression/Inheritance1.yml	true	true	1.581449	1.6005327990001206	55.259136
jbmc-regression/NegativeArraySizeException1.yml	true	false	1.265991	1.278510062000123	52.121600
jbmc-regression/NegativeArraySizeException2.yml	true	false	1.263706	1.2766904600000544	52.330496
jbmc-regression/NullPointerException1.yml	true	true	1.580019	1.6019008819998817	52.436992
jbmc-regression/NullPointerException2.yml	true	false	1.583986	1.6009575749999385	52.690944
jbmc-regression/NullPointerException3.yml	true	false	1.228389	1.240315303999978	52.183040
jbmc-regression/NullPointerException4.yml	true	false	1.273431	1.2837098150000656	51.970048
jbmc-regression/RegexMatches01.yml	true	true	1.748927	1.7684983129997818	56.975360
jbmc-regression/RegexMatches02.yml	true	unknown	1.687795	1.7857234660000358	67.670016
jbmc-regression/RegexSubstitution01.yml	true	true	1.686385	1.6983704260001105	52.625408
jbmc-regression/RegexSubstitution02.yml	true	unknown	1.319709	1.3320590419998553	53.161984
jbmc-regression/RegexSubstitution03.yml	true	true	1.599652	1.6201209589999053	53.350400
jbmc-regression/StaticCharMethods01.yml	true	true	1.628274	1.6413491299999805	53.252096
jbmc-regression/StaticCharMethods02.yml	true	false	1.429224	1.452532230000088	65.208320
jbmc-regression/StaticCharMethods03.yml	true	false	1.461444	1.4841895449999356	63.377408
jbmc-regression/StaticCharMethods04.yml	true	false	1.293171	1.3152944099999786	53.334016
jbmc-regression/StaticCharMethods05.yml	false	unknown	1.315855	1.3278225010001279	53.248000
jbmc-regression/StaticCharMethods06.yml	true	true	1.738528	1.748733368000103	65.130496
jbmc-regression/StringBuilderAppend01.yml	true	true	1.675536	1.688305001000117	52.846592
jbmc-regression/StringBuilderAppend02.yml	true	unknown	1.409102	1.4203146049999305	53.723136
jbmc-regression/StringBuilderCapLen01.yml	true	true	1.307204	1.320643721999886	52.166656
jbmc-regression/StringBuilderCapLen02.yml	true	false	1.753441	1.7566372899998441	58.400768
jbmc-regression/StringBuilderCapLen03.yml	true	unknown	1.61853	1.6384171920001336	52.756480
jbmc-regression/StringBuilderCapLen04.yml	true	unknown	1.273159	1.2855415320000247	52.551680
jbmc-regression/StringBuilderChars01.yml	true	true	1.275291	1.2884222229999978	52.604928
jbmc-regression/StringBuilderChars02.yml	true	false	1.715711	1.7340339600000334	58.667008
jbmc-regression/StringBuilderChars03.yml	false	unknown	1.636024	1.6544293619999735	52.817920
jbmc-regression/StringBuilderChars04.yml	true	unknown	1.295856	1.2986572580000484	52.396032
jbmc-regression/StringBuilderChars05.yml	false	unknown	1.298563	1.3211258220001127	52.408320
jbmc-regression/StringBuilderChars06.yml	true	unknown	1.656955	1.6697008389999155	53.145600
jbmc-regression/StringBuilderConstructors01.yml	true	unknown	1.791849	1.8049355529999502	63.901696
jbmc-regression/StringBuilderConstructors02.yml	true	unknown	1.264735	1.2673642250001649	53.411840
jbmc-regression/StringBuilderInsertDelete01.yml	true	true	1.355003	1.3640791870000157	55.214080
jbmc-regression/StringBuilderInsertDelete02.yml	true	unknown	1.38802	1.4104573489998984	54.419456
jbmc-regression/StringBuilderInsertDelete03.yml	true	unknown	1.329935	1.3436796470000445	51.998720
jbmc-regression/StringCompare01.yml	true	true	1.596867	1.6102584570001	52.523008
jbmc-regression/StringCompare02.yml	true	unknown	1.58906	1.6001308469999458	52.535296
jbmc-regression/StringCompare03.yml	true	unknown	1.314212	1.3233433789998799	54.140928
jbmc-regression/StringCompare04.yml	true	unknown	1.32654	1.347707506000006	53.317632
jbmc-regression/StringCompare05.yml	true	false	1.604705	1.6252584410001418	53.014528
jbmc-regression/StringConcatenation01.yml	true	true	1.83697	1.8408166020001318	59.060224
jbmc-regression/StringConcatenation02.yml	true	false	1.445225	1.4580830910001623	60.538880
jbmc-regression/StringConcatenation03.yml	true	false	1.459875	1.4703510490001008	58.064896
jbmc-regression/StringConcatenation04.yml	true	false	1.792962	1.8160183080001389	59.138048
jbmc-regression/StringConstructors01.yml	true	true	1.626036	1.629090835999932	53.362688
jbmc-regression/StringConstructors02.yml	true	false	1.498262	1.5205833009999878	58.380288
jbmc-regression/StringConstructors03.yml	true	false	1.394042	1.4067516630000227	58.384384
jbmc-regression/StringConstructors04.yml	true	false	1.778193	1.8010047919999579	58.433536
jbmc-regression/StringConstructors05.yml	true	false	1.782369	1.8078862579998258	61.755392
jbmc-regression/StringContains01.yml	true	false	1.4037	1.416746484999976	58.859520
jbmc-regression/StringContains02.yml	true	false	1.38889	1.401568641999802	59.973632
jbmc-regression/StringIndexMethods01.yml	true	true	1.687748	1.700646739000149	52.891648
jbmc-regression/StringIndexMethods02.yml	true	false	1.488768	1.5024666310000612	66.494464
jbmc-regression/StringIndexMethods03.yml	true	false	1.838831	1.8474910580000596	65.159168
jbmc-regression/StringIndexMethods04.yml	true	false	4.91479	4.925095646000045	81.866752
jbmc-regression/StringIndexMethods05.yml	true	false	1.502838	1.5155705540000781	64.778240
jbmc-regression/StringMiscellaneous01.yml	true	true	1.710414	1.7207105539998793	52.629504
jbmc-regression/StringMiscellaneous02.yml	true	false	1.799309	1.8146177199998874	65.007616
jbmc-regression/StringMiscellaneous03.yml	false	false	1.54811	1.5510640180000337	66.760704
jbmc-regression/StringMiscellaneous04.yml	true	true	1.65083	1.6736869639998986	52.879360
jbmc-regression/StringStartEnd01.yml	true	true	1.597542	1.6080487029998949	52.428800
jbmc-regression/StringStartEnd02.yml	true	false	1.50008	1.5197872430001098	61.784064
jbmc-regression/StringStartEnd03.yml	true	false	1.457517	1.4696740000001682	60.317696
jbmc-regression/StringValueOf01.yml	true	true	1.5991	1.6219665090000035	52.494336
jbmc-regression/StringValueOf02.yml	false	false	1.649125	1.6625680669999383	54.628352
jbmc-regression/StringValueOf03.yml	false	false	1.365497	1.3860202250000384	53.309440
jbmc-regression/StringValueOf04.yml	true	false	1.322454	1.338101331999951	52.576256
jbmc-regression/StringValueOf05.yml	true	unknown	1.825954	1.8390702589999819	64.528384
jbmc-regression/StringValueOf06.yml	true	unknown	1.72095	1.8479614719999518	58.761216
jbmc-regression/StringValueOf07.yml	true	unknown	1.326297	1.3463556189999508	53.231616
jbmc-regression/StringValueOf08.yml	false	unknown	1.38896	1.480104128999983	58.400768
jbmc-regression/StringValueOf09.yml	false	unknown	1.832104	1.9464975539999614	59.084800
jbmc-regression/StringValueOf10.yml	true	false	1.720778	1.7335969159998967	59.158528
jbmc-regression/SubString01.yml	true	true	1.277219	1.2798039589999917	52.436992
jbmc-regression/SubString02.yml	false	false	1.468604	1.4934629650001625	59.039744
jbmc-regression/SubString03.yml	false	false	1.463359	1.4791168439999183	58.163200
jbmc-regression/TokenTest01.yml	true	true	1.623912	1.6371248020000166	53.276672
jbmc-regression/TokenTest02.yml	true	unknown	1.289846	1.2990981529999317	52.150272
jbmc-regression/Validate01.yml	true	true	1.517422	1.530178468000031	52.199424
jbmc-regression/Validate02.yml	true	unknown	1.288936	1.2917232900001636	52.772864
jbmc-regression/aastore_aaload1.yml	true	unknown	1.47763	1.4887087949998659	63.770624
jbmc-regression/array1.yml	true	unknown	1.860253	1.8730423620002057	63.705088
jbmc-regression/array2.yml	true	true	1.802461	1.823112922999826	66.285568
jbmc-regression/arraylength1.yml	true	unknown	1.458444	1.4713426680000339	62.754816
jbmc-regression/arrayread1.yml	true	unknown	1.464826	1.4867768260000958	63.254528
jbmc-regression/assert1.yml	true	true	1.869085	1.8756363269999383	64.233472
jbmc-regression/assert2.yml	true	false	1.819097	1.8269681750000473	63.700992
jbmc-regression/assert3.yml	true	false	1.525752	1.537557617999937	64.811008
jbmc-regression/assert4.yml	true	false	1.456632	1.4684563329999492	63.856640
jbmc-regression/assert5.yml	true	true	1.757342	1.7873260540000047	63.172608
jbmc-regression/assert6.yml	true	true	1.797951	1.8049615629997788	64.331776
jbmc-regression/astore_aload1.yml	true	true	1.486217	1.498658919000036	53.272576
jbmc-regression/athrow1.yml	true	false	1.213452	1.2261452259999714	52.346880
jbmc-regression/basic1.yml	true	true	1.583371	1.60215585800006	52.899840
jbmc-regression/bitwise1.yml	true	unknown	1.518235	1.6464517419999538	63.320064
jbmc-regression/boolean1.yml	true	true	1.550963	1.5669134050001503	53.751808
jbmc-regression/boolean2.yml	true	true	1.266857	1.2799210480000056	52.547584
jbmc-regression/bug-test-gen-095.yml	true	false	1.389684	1.3923251019998588	61.038592
jbmc-regression/bug-test-gen-119-2.yml	true	true	1.551217	1.5733449350000228	53.587968
jbmc-regression/bug-test-gen-119.yml	true	true	1.269835	1.2825790179999785	52.375552
jbmc-regression/calc.yml	true	unknown	1.837102	1.8604984649998642	64.786432
jbmc-regression/cast1.yml	true	unknown	1.447553	1.566509501000155	63.692800
jbmc-regression/catch1.yml	true	true	1.311691	1.334095380000008	53.399552
jbmc-regression/char1.yml	true	unknown	1.466138	1.560205232000044	63.602688
jbmc-regression/charArray.yml	true	unknown	1.813224	1.8540754030000244	64.036864
jbmc-regression/classtest1.yml	true	true	1.223326	1.2367034169999442	54.013952
jbmc-regression/const1.yml	true	true	1.57017	1.5838012490000892	53.366784
jbmc-regression/constructor1.yml	true	true	1.265895	1.2867954029998145	55.001088
jbmc-regression/enum1.yml	true	true	1.312615	1.325327204000132	52.449280
jbmc-regression/exceptions1.yml	true	false	1.275896	1.287128593000034	52.146176
jbmc-regression/exceptions10.yml	true	false	1.610606	1.6234452220001003	53.026816
jbmc-regression/exceptions11.yml	true	false	1.255561	1.2668162569998458	52.535296
jbmc-regression/exceptions12.yml	true	false	1.6022	1.6248281839998526	53.297152
jbmc-regression/exceptions13.yml	true	false	1.339779	1.3599053560001266	53.477376
jbmc-regression/exceptions14.yml	true	true	1.279356	1.2911756700000296	51.855360
jbmc-regression/exceptions15.yml	true	true	1.257433	1.279372161000083	53.071872
jbmc-regression/exceptions16.yml	true	false	1.552533	1.5753758880000532	55.066624
jbmc-regression/exceptions18.yml	true	true	1.594383	1.6147869999999784	52.477952
jbmc-regression/exceptions2.yml	true	false	1.268301	1.289942579999888	54.071296
jbmc-regression/exceptions3.yml	true	false	1.299812	1.3081076290000055	52.244480
jbmc-regression/exceptions4.yml	true	true	1.302285	1.3157161970000288	52.592640
jbmc-regression/exceptions5.yml	true	true	1.615987	1.6372510040000634	51.892224
jbmc-regression/exceptions6.yml	true	false	1.632171	1.6450723519999428	52.854784
jbmc-regression/exceptions7.yml	true	false	1.271822	1.293910760000017	52.543488
jbmc-regression/exceptions8.yml	true	false	1.258952	1.2695933780000814	52.404224
jbmc-regression/exceptions9.yml	true	true	1.27036	1.2737689329999284	52.125696
jbmc-regression/fcmpx_dcmpx1.yml	true	true	1.56365	1.586804655999913	54.272000
jbmc-regression/iarith1.yml	true	true	1.262544	1.2656776050000644	52.850688
jbmc-regression/iarith2.yml	true	true	1.248767	1.259599375000107	55.099392
jbmc-regression/if_acmp1.yml	true	true	1.623501	1.644863525000119	53.993472
jbmc-regression/if_expr1.yml	true	true	1.421483	1.4336490450000383	63.864832
jbmc-regression/if_icmp1.yml	true	true	1.485597	1.4954989669997758	63.246336
jbmc-regression/ifxx1.yml	true	true	1.313237	1.325950321999926	52.604928
jbmc-regression/instanceof1.yml	true	true	1.563799	1.5734649020000688	53.018624
jbmc-regression/instanceof2.yml	true	true	1.222975	1.2340929649999453	52.809728
jbmc-regression/instanceof3.yml	true	true	1.559733	1.5790939839998828	54.968320
jbmc-regression/instanceof4.yml	true	true	1.304788	1.3178328829999373	52.916224
jbmc-regression/instanceof5.yml	true	true	1.274279	1.2964911080000547	56.004608
jbmc-regression/instanceof6.yml	true	true	1.256413	1.2695893039999646	52.883456
jbmc-regression/instanceof7.yml	true	true	1.555224	1.5757728849998784	52.703232
jbmc-regression/instanceof8.yml	true	true	1.536523	1.5596933290000834	54.407168
jbmc-regression/interface1.yml	true	false	1.265223	1.2786879400000544	52.146176
jbmc-regression/java_append_char.yml	true	false	1.350553	1.3724393740001233	54.198272
jbmc-regression/lazyloading4.yml	true	true	1.269934	1.2828590990000066	52.465664
jbmc-regression/list1.yml	true	unknown	1.821595	1.9590109810001195	63.844352
jbmc-regression/long1.yml	true	true	1.551947	1.5747181679998903	53.571584
jbmc-regression/lookupswitch1.yml	true	true	11.540487	11.554650235000054	111.087616
jbmc-regression/multinewarray.yml	true	true	1.284979	1.3018772010000248	52.473856
jbmc-regression/overloading1.yml	true	true	1.257298	1.2697972820001269	52.494336
jbmc-regression/package1.yml	true	true	1.518014	1.5417498790000081	52.211712
jbmc-regression/putfield_getfield1.yml	true	true	1.599808	1.61248003899982	53.334016
jbmc-regression/putstatic_getstatic1.yml	true	true	1.257489	1.273558580000099	52.445184
jbmc-regression/recursion2.yml	true	true	1.253616	1.265944596000054	51.789824
jbmc-regression/return1.yml	true	false	1.251794	1.2648662670001158	52.178944
jbmc-regression/return2.yml	true	false	1.75563	1.7707499079999707	63.533056
jbmc-regression/store_load1.yml	true	true	1.591367	1.601602974999878	52.535296
jbmc-regression/swap1.yml	true	true	1.268617	1.29149332399993	57.073664
jbmc-regression/synchronized.yml	true	true	1.2563	1.2786627760001466	54.378496
jbmc-regression/tableswitch1.yml	true	true	1.527636	1.5409312440001486	64.438272
jbmc-regression/uninitialised1.yml	true	true	1.568891	1.5818842929998027	52.035584
jbmc-regression/virtual1.yml	true	true	1.529846	1.5426004040000407	52.559872
jbmc-regression/virtual2.yml	true	false	1.26789	1.2705281190001187	54.456320
jbmc-regression/virtual4.yml	true	true	1.24225	1.2549216489999253	52.338688
jbmc-regression/virtual_function_unwinding.yml	true	true	1.587267	1.6050507310001194	53.645312
jpf-regression/ExDarko_false.yml	true	false	1.831821	1.8464634829999795	64.335872
jpf-regression/ExDarko_true.yml	true	true	1.543404	1.5556968600001255	65.036288
jpf-regression/ExException_false.yml	false	false	1.428726	1.4424918600000183	62.767104
jpf-regression/ExException_true.yml	true	true	1.590701	1.6130047819999618	52.871168
jpf-regression/ExGenSymExe_false.yml	true	false	1.588751	1.5929225039999437	52.420608
jpf-regression/ExGenSymExe_true.yml	true	true	1.264944	1.277269151999917	54.312960
jpf-regression/ExLazy_false.yml	true	false	1.435386	1.4475065240001186	64.495616
jpf-regression/ExLazy_true.yml	true	true	1.78236	1.7902828660000978	66.105344
jpf-regression/ExMIT_false.yml	true	false	1.847595	1.860626866000075	62.799872
jpf-regression/ExMIT_true.yml	true	true	1.434843	1.4462113960000806	64.667648
jpf-regression/ExSymExe10_false.yml	true	false	1.489015	1.4928016299998035	66.048000
jpf-regression/ExSymExe10_true.yml	true	true	1.515341	1.5237980770000377	65.146880
jpf-regression/ExSymExe11_false.yml	true	false	1.281714	1.298747080000112	54.923264
jpf-regression/ExSymExe11_true.yml	true	true	1.859952	1.8637219229999573	64.692224
jpf-regression/ExSymExe12_false.yml	true	false	1.884096	1.9063505619999432	64.110592
jpf-regression/ExSymExe12_true.yml	true	true	1.396441	1.3998080290000416	63.864832
jpf-regression/ExSymExe13_false.yml	true	false	1.47592	1.4787375079999947	67.715072
jpf-regression/ExSymExe13_true.yml	true	true	1.510824	1.523819794000019	64.937984
jpf-regression/ExSymExe14_false.yml	true	false	1.837958	1.851906136000025	65.187840
jpf-regression/ExSymExe14_true.yml	true	true	1.483087	1.4861780700000509	64.147456
jpf-regression/ExSymExe15_false.yml	true	false	1.847738	1.8633136040000409	64.479232
jpf-regression/ExSymExe15_true.yml	true	true	1.764879	1.7729593609999483	69.652480
jpf-regression/ExSymExe16_false.yml	true	false	1.306461	1.319132745999923	52.535296
jpf-regression/ExSymExe16_true.yml	true	true	1.257849	1.2695536669998546	52.903936
jpf-regression/ExSymExe17_false.yml	true	false	1.555073	1.577762180000036	52.338688
jpf-regression/ExSymExe17_true.yml	true	true	1.289574	1.2927849039999728	52.166656
jpf-regression/ExSymExe18_false.yml	true	false	1.842067	1.8545831879998786	63.381504
jpf-regression/ExSymExe18_true.yml	true	true	1.316363	1.3362905559999945	54.251520
jpf-regression/ExSymExe19_false.yml	true	false	1.427789	1.441076517000056	64.663552
jpf-regression/ExSymExe19_true.yml	true	unknown	1.566738	1.648998335999977	91.721728
jpf-regression/ExSymExe1_false.yml	true	unknown	2.060035	2.1866127550001693	93.003776
jpf-regression/ExSymExe1_true.yml	true	true	1.251291	1.264167377999911	54.415360
jpf-regression/ExSymExe20_false.yml	true	unknown	7.250154	7.3824812029999975	131.141632
jpf-regression/ExSymExe20_true.yml	true	true	1.298503	1.321681824000052	52.539392
jpf-regression/ExSymExe21_false.yml	true	unknown	1.537932	1.638746588999993	91.762688
jpf-regression/ExSymExe21_true.yml	true	true	1.31866	1.3410733990001518	52.113408
jpf-regression/ExSymExe25_false.yml	true	false	1.852072	1.8649053640001512	64.569344
jpf-regression/ExSymExe25_true.yml	true	true	1.297075	1.3099147810000886	52.301824
jpf-regression/ExSymExe26_false.yml	true	unknown	2.354855	2.448897244000136	100.536320
jpf-regression/ExSymExe26_true.yml	true	true	1.30317	1.3158971860000293	52.879360
jpf-regression/ExSymExe27_false.yml	true	false	1.525881	1.5385036860000127	63.991808
jpf-regression/ExSymExe27_true.yml	true	true	1.685696	1.6988217430000532	51.986432
jpf-regression/ExSymExe28_false.yml	true	false	1.534999	1.5408959029998641	63.766528
jpf-regression/ExSymExe28_true.yml	true	true	1.305836	1.3206229549998625	52.416512
jpf-regression/ExSymExe29_false.yml	true	unknown	1.90652	1.9945955369998956	129.642496
jpf-regression/ExSymExe29_true.yml	true	true	1.639617	1.6592755629999374	52.338688
jpf-regression/ExSymExe2_false.yml	true	unknown	1.582659	1.6750397849998535	94.203904
jpf-regression/ExSymExe2_true.yml	true	true	1.274755	1.2876892599999792	52.871168
jpf-regression/ExSymExe3_false.yml	true	false	1.848349	1.8712204379999093	63.991808
jpf-regression/ExSymExe3_true.yml	true	true	1.303598	1.3215701520000493	54.648832
jpf-regression/ExSymExe4_false.yml	true	unknown	2.025801	2.146870148000062	94.257152
jpf-regression/ExSymExe4_true.yml	true	true	1.282418	1.29290968600003	52.645888
jpf-regression/ExSymExe5_false.yml	true	false	1.483823	1.4873513449999791	64.090112
jpf-regression/ExSymExe5_true.yml	true	true	1.307285	1.329773830000022	52.961280
jpf-regression/ExSymExe6_false.yml	true	unknown	1.814727	1.94870549999996	63.913984
jpf-regression/ExSymExe6_true.yml	true	true	1.321758	1.3297513530001197	52.879360
jpf-regression/ExSymExe7_false.yml	true	unknown	1.539796	1.6319327199998952	91.807744
jpf-regression/ExSymExe7_true.yml	true	unknown	2.044135	2.1792940870000166	98.791424
jpf-regression/ExSymExe8_false.yml	true	unknown	1.571531	1.6625274969999282	93.073408
jpf-regression/ExSymExe8_true.yml	true	true	1.267528	1.2800815349999084	52.494336
jpf-regression/ExSymExe9_false.yml	true	false	1.630082	1.6528737369999362	52.445184
jpf-regression/ExSymExe9_true.yml	true	true	1.374265	1.3858901220000917	52.920320
jpf-regression/ExSymExeArrays_false.yml	true	false	1.512586	1.5249193239999386	52.961280
jpf-regression/ExSymExeArrays_true.yml	true	true	1.321852	1.3352606809999088	51.908608
jpf-regression/ExSymExeBool_false.yml	true	false	1.267787	1.2905595890001678	53.039104
jpf-regression/ExSymExeBool_true.yml	true	true	1.251126	1.2630176550001124	51.904512
jpf-regression/ExSymExeComplexMath_false.yml	true	false	1.66971	1.6909775359999912	52.109312
jpf-regression/ExSymExeComplexMath_true.yml	true	true	1.323587	1.3446632479999607	52.482048
jpf-regression/ExSymExeD2I_false.yml	true	false	1.282461	1.2852663599999232	54.386688
jpf-regression/ExSymExeD2I_true.yml	true	unknown	1.804141	1.8154618680000567	62.668800
jpf-regression/ExSymExeD2L_false.yml	true	unknown	1.455439	1.4695959640000638	64.393216
jpf-regression/ExSymExeD2L_true.yml	true	unknown	1.814936	1.8241140350000933	62.078976
jpf-regression/ExSymExeF2I_false.yml	true	false	1.292361	1.313080938999974	55.410688
jpf-regression/ExSymExeF2I_true.yml	true	unknown	1.414059	1.4278118499998982	62.615552
jpf-regression/ExSymExeF2L_false.yml	true	unknown	1.807281	1.8207820319998973	63.303680
jpf-regression/ExSymExeF2L_true.yml	true	unknown	1.424072	1.427454832000194	62.230528
jpf-regression/ExSymExeFNEG_false.yml	true	unknown	1.450127	1.462173428000142	63.057920
jpf-regression/ExSymExeFNEG_true.yml	true	unknown	1.473061	1.475962442999844	62.746624
jpf-regression/ExSymExeGetStatic_false.yml	true	false	1.638131	1.6584533029999875	55.218176
jpf-regression/ExSymExeGetStatic_true.yml	true	true	1.27493	1.2889293579999048	52.285440
jpf-regression/ExSymExeI2D_false.yml	true	unknown	1.857873	1.8657745919999797	64.258048
jpf-regression/ExSymExeI2D_true.yml	true	unknown	1.554381	1.563247801000216	94.232576
jpf-regression/ExSymExeI2F_false.yml	true	false	1.30868	1.3200855039999624	52.674560
jpf-regression/ExSymExeI2F_true.yml	true	true	1.642877	1.6657155380000859	53.198848
jpf-regression/ExSymExeLCMP_false.yml	true	false	1.435738	1.4529216320001979	63.705088
jpf-regression/ExSymExeLCMP_true.yml	true	true	1.943544	1.9608731840000928	73.596928
jpf-regression/ExSymExeLongBytecodes_false.yml	true	false	2.491653	2.5031555030000163	87.515136
jpf-regression/ExSymExeLongBytecodes_true.yml	true	true	5.453108	5.473938744999941	88.584192
jpf-regression/ExSymExeResearch_false.yml	true	false	1.859094	1.8729244620001282	64.450560
jpf-regression/ExSymExeResearch_true.yml	true	unknown	1.444364	1.5561887979999938	67.530752
jpf-regression/ExSymExeSimple_false.yml	true	false	1.893889	1.907377507000092	63.950848
jpf-regression/ExSymExeSimple_true.yml	true	OUT OF MEMORY	72.231244	72.0535719200002	2999.984128
jpf-regression/ExSymExeSuzette_false.yml	true	false	1.488088	1.5045545230000243	64.167936
jpf-regression/ExSymExeSuzette_true.yml	true	true	1.827984	1.840874329999906	64.008192
jpf-regression/ExSymExeSwitch_false.yml	true	false	1.898949	1.911921379999967	65.642496
jpf-regression/ExSymExeSwitch_true.yml	true	true	1.518743	1.5238459800000328	65.486848
jpf-regression/ExSymExeTestAssignments_false.yml	true	false	1.800577	1.812337965000097	64.516096
jpf-regression/ExSymExeTestAssignments_true.yml	true	true	1.39289	1.3957370629998422	65.904640
jpf-regression/ExSymExeTestClassFields_false.yml	true	false	1.391199	1.402033776000053	64.958464
jpf-regression/ExSymExeTestClassFields_true.yml	true	true	1.74767	1.761286390000123	63.459328
jpf-regression/ExSymExe_false.yml	true	false	1.595381	1.6080716500000563	52.477952
jpf-regression/ExSymExe_true.yml	true	true	1.299375	1.3117073959999743	53.870592
jpf-regression/TestLazy_false.yml	true	false	1.432217	1.4451943300000494	64.245760
jpf-regression/TestLazy_true.yml	true	true	1.757569	1.7703904640000019	63.614976
java-ranger-regression/TCAS_prop1.yml	true	false	9.935158	9.93881545499994	83.828736
java-ranger-regression/TCAS_prop2.yml	true	true	116.883102	116.8927515800001	98.889728
java-ranger-regression/TCAS_prop3.yml	true	true	117.732699	117.75386671600018	100.704256
java-ranger-regression/apachecli_eqchk.yml	true	unknown	18.540991	18.55533794500002	103.120896
java-ranger-regression/schedule_eqchk.yml	true	true	13.858118	13.872431000000006	87.502848
java-ranger-regression/WBS/WBS_prop1.yml	true	false	1.524529	1.5471076810001705	64.081920
java-ranger-regression/WBS/WBS_prop2.yml	true	true	5.83724	5.850148583999953	85.876736
java-ranger-regression/WBS/WBS_prop3.yml	true	false	2.107178	2.128997990000016	77.033472
java-ranger-regression/WBS/WBS_prop4.yml	true	false	1.663259	1.6769324809999944	66.822144
java-ranger-regression/alarm/Alarm_prop1.yml	true	TIMEOUT	900.940947	901.0041629910002	324.841472
java-ranger-regression/alarm/Alarm_prop10.yml	true	TIMEOUT	900.940175	901.0259428410002	462.409728
java-ranger-regression/alarm/Alarm_prop2.yml	true	TIMEOUT	900.995084	902.7158662260001	466.001920
java-ranger-regression/alarm/Alarm_prop3.yml	true	TIMEOUT	900.942606	901.002474223	456.400896
java-ranger-regression/alarm/Alarm_prop4.yml	true	TIMEOUT	900.943171	901.0021670780002	319.266816
java-ranger-regression/alarm/Alarm_prop5.yml	true	TIMEOUT	900.959684	901.004226448	317.591552
java-ranger-regression/alarm/Alarm_prop6.yml	true	TIMEOUT	900.948124	901.0025032460003	455.036928
java-ranger-regression/alarm/Alarm_prop8.yml	true	TIMEOUT	900.95805	901.0045443020003	318.750720
java-ranger-regression/alarm/Alarm_prop9.yml	true	TIMEOUT	900.941849	901.0067448659997	317.018112
java-ranger-regression/infusion/Infusion_prop1.yml	true	TIMEOUT	900.924483	901.0052683080003	443.711488
java-ranger-regression/infusion/Infusion_prop10.yml	true	TIMEOUT	901.012351	902.0894443739999	439.992320
java-ranger-regression/infusion/Infusion_prop11.yml	true	TIMEOUT	900.924513	901.0050457930001	440.393728
java-ranger-regression/infusion/Infusion_prop12.yml	true	TIMEOUT	900.941895	901.0058288519999	297.213952
java-ranger-regression/infusion/Infusion_prop13.yml	true	TIMEOUT	900.918774	901.006735511	292.958208
java-ranger-regression/infusion/Infusion_prop2.yml	true	TIMEOUT	900.920049	901.0072007509998	444.051456
java-ranger-regression/infusion/Infusion_prop3.yml	true	TIMEOUT	900.950687	901.0044811250004	307.806208
java-ranger-regression/infusion/Infusion_prop4.yml	true	TIMEOUT	900.944206	901.0022211679998	309.309440
java-ranger-regression/infusion/Infusion_prop5.yml	true	TIMEOUT	900.922333	901.005942365	453.767168
java-ranger-regression/infusion/Infusion_prop6.yml	true	TIMEOUT	900.881397	901.0052507229998	453.640192
java-ranger-regression/infusion/Infusion_prop7.yml	true	TIMEOUT	900.860507	901.001792262	446.758912
java-ranger-regression/infusion/Infusion_prop8.yml	true	TIMEOUT	900.947097	901.005409506	301.101056
java-ranger-regression/infusion/Infusion_prop9.yml	true	TIMEOUT	900.932595	901.0045854780001	290.963456
java-ranger-regression/siena_eqchk/siena_prop1.yml	true	unknown	2.867237	2.9463796750001165	88.354816
java-ranger-regression/siena_eqchk/siena_prop2.yml	true	unknown	2.819118	2.897907189000307	96.874496
java-ranger-regression/replace5_eqchk/replace5_prop1.yml	true	TIMEOUT	900.973818	901.0041020909998	147.562496
java-ranger-regression/replace5_eqchk/replace5_prop2.yml	true	false	2.337893	2.3412155970008826	64.720896
java-ranger-regression/nanoxml_eqchk/nanoxml_prop1.yml	false	unknown	2.721008	2.830428866999682	64.086016
java-ranger-regression/nanoxml_eqchk/nanoxml_prop2.yml	false	unknown	2.64027	2.749415374999444	63.512576
java-ranger-regression/nanoxml_eqchk/nanoxml_prop3.yml	false	unknown	2.753414	2.864880666999852	64.339968
java-ranger-regression/printtokens_eqchk/printtokens_prop1.yml	true	unknown	2.20138	2.3092348090003725	63.995904
java-ranger-regression/printtokens_eqchk/printtokens_prop2.yml	true	false	2.196423	2.2099557210003695	64.073728
MinePump/spec1-5_product1.yml	true	false	2.216598	2.228017046999412	61.628416
MinePump/spec1-5_product10.yml	true	false	1.921442	1.942942568000035	53.354496
MinePump/spec1-5_product11.yml	true	false	1.954096	1.9708985549996214	54.611968
MinePump/spec1-5_product12.yml	true	false	1.934941	1.9489207019996684	52.834304
MinePump/spec1-5_product13.yml	true	false	1.949414	1.9616311269992366	54.095872
MinePump/spec1-5_product14.yml	true	false	1.931994	1.9351846370000203	52.604928
MinePump/spec1-5_product15.yml	true	false	1.898167	1.9166337319993545	52.416512
MinePump/spec1-5_product16.yml	true	false	1.871478	1.874702377000176	54.321152
MinePump/spec1-5_product17.yml	true	false	1.926131	1.9390857640000831	53.870592
MinePump/spec1-5_product18.yml	true	false	1.948611	1.9573601700003564	54.890496
MinePump/spec1-5_product19.yml	true	false	1.915153	1.9387128730004406	54.427648
MinePump/spec1-5_product2.yml	true	false	1.922307	1.9458073200003128	55.062528
MinePump/spec1-5_product20.yml	true	false	1.940188	1.9507126589996915	55.377920
MinePump/spec1-5_product21.yml	true	false	1.917035	1.9236397860004217	54.308864
MinePump/spec1-5_product22.yml	true	false	1.973578	1.9931221800006824	54.423552
MinePump/spec1-5_product23.yml	true	false	1.90986	1.923002907999944	52.666368
MinePump/spec1-5_product24.yml	true	false	1.886875	1.9002136990002327	54.980608
MinePump/spec1-5_product25.yml	true	false	1.949354	1.9727912199996354	54.743040
MinePump/spec1-5_product26.yml	true	false	1.944929	1.9517861569993329	54.751232
MinePump/spec1-5_product27.yml	true	false	1.92018	1.9263657589999639	53.796864
MinePump/spec1-5_product28.yml	true	false	1.947913	1.9595976970003903	54.599680
MinePump/spec1-5_product29.yml	true	false	1.938978	1.9605365079996773	57.769984
MinePump/spec1-5_product3.yml	true	false	1.943827	1.957182575000843	53.907456
MinePump/spec1-5_product30.yml	true	false	1.97255	1.9833992159992704	57.155584
MinePump/spec1-5_product31.yml	true	false	1.950783	1.9547192219997669	53.194752
MinePump/spec1-5_product32.yml	true	false	1.970457	1.9835820520002017	54.657024
MinePump/spec1-5_product33.yml	true	false	1.953509	1.9718571749999683	53.493760
MinePump/spec1-5_product34.yml	true	false	1.936927	1.9494818370003486	54.169600
MinePump/spec1-5_product35.yml	true	false	1.94112	1.9551126650003425	53.796864
MinePump/spec1-5_product36.yml	true	false	1.920149	1.9419385650007825	54.407168
MinePump/spec1-5_product37.yml	true	false	1.937892	1.9591619399998308	55.029760
MinePump/spec1-5_product38.yml	true	false	1.944857	1.963537580000775	54.243328
MinePump/spec1-5_product39.yml	true	false	1.981988	1.987360037000144	54.902784
MinePump/spec1-5_product4.yml	true	false	1.969154	1.9893822710000677	53.817344
MinePump/spec1-5_product40.yml	true	false	1.898707	1.911570385000232	53.157888
MinePump/spec1-5_product41.yml	true	false	1.908082	1.9299516429991854	53.702656
MinePump/spec1-5_product42.yml	true	false	1.919362	1.9224873279999883	56.004608
MinePump/spec1-5_product43.yml	true	false	1.933027	1.946243430999857	54.796288
MinePump/spec1-5_product44.yml	true	false	1.931616	1.944432667000001	52.805632
MinePump/spec1-5_product45.yml	true	false	1.9821	1.9941623740005525	54.435840
MinePump/spec1-5_product46.yml	true	false	1.965291	1.9826315929994962	54.140928
MinePump/spec1-5_product47.yml	true	false	1.93157	1.9470227900001191	53.833728
MinePump/spec1-5_product48.yml	true	false	1.94972	1.9563655860001745	54.272000
MinePump/spec1-5_product49.yml	true	false	1.979935	1.9970881110002665	55.447552
MinePump/spec1-5_product5.yml	true	false	1.963626	1.975376039999901	52.719616
MinePump/spec1-5_product50.yml	true	false	1.941667	1.9615576349997355	53.268480
MinePump/spec1-5_product51.yml	true	false	1.930888	1.9538526260002982	53.686272
MinePump/spec1-5_product52.yml	true	false	1.977702	1.9928010559997347	53.764096
MinePump/spec1-5_product53.yml	true	false	1.957674	1.968297741999777	54.280192
MinePump/spec1-5_product54.yml	true	false	1.971687	1.9912255650006045	53.174272
MinePump/spec1-5_product55.yml	true	false	1.980969	2.0016413339999417	53.256192
MinePump/spec1-5_product56.yml	true	false	2.018908	2.0261678309998388	54.050816
MinePump/spec1-5_product57.yml	true	true	3.568334	3.582933779999621	63.565824
MinePump/spec1-5_product58.yml	true	true	3.426018	3.4485650399992664	64.253952
MinePump/spec1-5_product59.yml	true	true	3.131871	3.1534950040004333	63.909888
MinePump/spec1-5_product6.yml	true	false	1.871841	1.8748092400001042	52.965376
MinePump/spec1-5_product60.yml	true	true	3.203202	3.217789096999695	63.815680
MinePump/spec1-5_product61.yml	true	true	3.474612	3.4880403380002463	66.441216
MinePump/spec1-5_product62.yml	true	true	3.365659	3.373413538999557	63.328256
MinePump/spec1-5_product63.yml	true	true	3.212522	3.2254811319999135	65.269760
MinePump/spec1-5_product64.yml	true	true	3.380894	3.39401726899996	65.118208
MinePump/spec1-5_product7.yml	true	false	1.926522	1.9491863390003346	54.984704
MinePump/spec1-5_product8.yml	true	false	1.957284	1.968216212999323	54.370304
MinePump/spec1-5_product9.yml	true	false	1.939166	1.945970892999867	52.801536
algorithms/BellmanFord-FunSat01.yml	true	unknown	4.163367	4.286659848000454	88.989696
algorithms/BellmanFord-FunSat02.yml	true	unknown	1.925398	2.043635644999995	63.229952
algorithms/BellmanFord-FunUnsat01.yml	true	unknown	1.862201	1.9807033930001126	63.946752
algorithms/BellmanFord-FunUnsat02.yml	true	unknown	1.882589	1.9903144560003057	64.016384
algorithms/BellmanFord-MemSat01.yml	true	unknown	4.149967	4.251800797999749	90.968064
algorithms/BellmanFord-MemSat02.yml	true	unknown	1.910614	2.022834394999336	64.593920
algorithms/BellmanFord-MemUnsat01.yml	true	unknown	1.891125	2.013548042000366	63.361024
algorithms/BellmanFord-MemUnsat02.yml	true	unknown	1.894357	1.9072434800000337	62.816256
algorithms/BinaryTreeSearch-FunSat01.yml	true	unknown	387.793272	387.95373818499957	491.814912
algorithms/BinaryTreeSearch-FunUnsat01.yml	true	unknown	160.9006	161.03448816899981	479.813632
algorithms/BinaryTreeSearch-MemSat01.yml	true	unknown	201.37629	201.48105869900064	498.528256
algorithms/BinaryTreeSearch-MemUnsat01.yml	true	false	1.566491	1.5794692869994833	68.440064
algorithms/BinaryTreeSearch-MemUnsat02.yml	true	false	1.605099	1.6180326079993392	63.094784
algorithms/InsertionSort-FunSat01.yml	true	unknown	1.596158	1.60606978099986	63.512576
algorithms/InsertionSort-FunSat02.yml	true	unknown	1.669571	1.672278830000323	66.138112
algorithms/InsertionSort-FunUnsat01.yml	true	unknown	1.719001	1.722134962000382	64.110592
algorithms/InsertionSort-MemSat01.yml	true	unknown	1.595084	1.6053598120006427	63.713280
algorithms/InsertionSort-MemUnsat01.yml	true	unknown	1.542212	1.5551703330002056	64.122880
algorithms/MergeSortIterative-FunSat01.yml	true	unknown	1.632399	1.6456522720000066	63.508480
algorithms/MergeSortIterative-FunSat02.yml	true	unknown	1.741491	1.7450778779993925	65.822720
algorithms/MergeSortIterative-FunUnsat01.yml	true	unknown	1.621532	1.625114688999929	63.504384
algorithms/MergeSortIterative-MemSat01.yml	true	unknown	1.661472	1.673684102000152	63.176704
algorithms/MergeSortIterative-MemUnsat01.yml	true	unknown	1.657918	1.6699433169997064	65.630208
algorithms/RedBlackTree-FunSat01.yml	true	TIMEOUT	900.902182	901.0033018800004	592.166912
algorithms/RedBlackTree-FunUnsat01.yml	true	false	17.948621	17.96307897800034	93.138944
algorithms/RedBlackTree-MemSat01.yml	true	unknown	95.76604	95.85911292299988	466.829312
algorithms/RedBlackTree-MemUnsat01.yml	true	unknown	100.230629	100.33761396599948	473.145344
algorithms/SortedListInsert-FunSat01.yml	true	OUT OF MEMORY	128.861819	128.62321706700004	2999.967744
algorithms/SortedListInsert-FunSat02.yml	true	OUT OF MEMORY	129.550506	129.31002652999996	2999.951360
algorithms/SortedListInsert-FunUnsat01.yml	true	OUT OF MEMORY	70.134659	69.9357886480002	2999.971840
algorithms/SortedListInsert-MemSat01.yml	true	OUT OF MEMORY	130.579828	130.2768041650006	2999.975936
algorithms/SortedListInsert-MemUnsat01.yml	true	OUT OF MEMORY	70.379457	70.18185425899992	2999.980032
algorithms/Trie-FunSat01.yml	true	true	1.930694	1.9538481149993459	63.860736
algorithms/Trie-FunUnsat01.yml	true	false	1.876115	1.8791789969991441	63.447040
algorithms/Trie-MemSat01.yml	true	true	1.878714	1.8824887629998557	64.311296
algorithms/Trie-MemUnsat01.yml	true	false	1.889711	1.9022572229996513	63.188992
algorithms/Tsp-FunSat01.yml	true	unknown	1.846577	1.8492553750002116	64.524288
algorithms/Tsp-FunUnsat01.yml	true	unknown	1.818152	1.8259288090002883	62.922752
algorithms/Tsp-MemSat01.yml	true	unknown	1.803569	1.8062202330002037	65.265664
algorithms/Tsp-MemUnsat01.yml	true	unknown	1.775345	1.7867453700000624	63.266816
juliet-java/CWE369_Divide_by_Zero__float_connect_tcp_divide_01_bad.yml	true	unknown	1.676659	1.699023514000146	52.936704
juliet-java/CWE369_Divide_by_Zero__float_connect_tcp_divide_01_bad_version2.yml	true	unknown	1.297267	1.3020957299995644	52.842496
juliet-java/CWE369_Divide_by_Zero__float_connect_tcp_divide_01_good.yml	true	unknown	1.674666	1.6795622539993929	53.116928
juliet-java/CWE369_Divide_by_Zero__float_connect_tcp_divide_81a_bad.yml	true	unknown	1.330162	1.3425951999997778	53.739520
juliet-java/CWE369_Divide_by_Zero__float_connect_tcp_divide_81a_bad_version2.yml	true	unknown	1.689463	1.7198418710004262	52.531200
juliet-java/CWE369_Divide_by_Zero__float_connect_tcp_divide_81a_good.yml	true	unknown	1.304267	1.320242400999632	53.346304
juliet-java/CWE369_Divide_by_Zero__float_console_readLine_divide_54_bad.yml	true	unknown	1.370966	1.4474589000001288	57.880576
juliet-java/CWE369_Divide_by_Zero__float_console_readLine_divide_54_bad_version2.yml	true	unknown	1.809831	1.9173825979996764	58.023936
juliet-java/CWE369_Divide_by_Zero__float_console_readLine_divide_54_good.yml	true	unknown	1.410186	1.489921681000851	58.331136
jdart-regression/OverapproximationString01.yml	true	false	1.67954	1.7011927740004467	58.208256
jdart-regression/URLDecoder01.yml	false	false	1.227782	1.2401513750000959	55.177216
jdart-regression/URLDecoder02.yml	false	false	1.586692	1.5893814680002833	52.895744
jdart-regression/addition01.yml	true	false	219.880665	219.8964599159999	314.691584
jdart-regression/array-iteration01.yml	true	unknown	1.703304	1.7163257689999227	70.537216
jdart-regression/boundcheck100.yml	true	false	4.514049	4.526620489999914	72.429568
jdart-regression/boundcheck200.yml	true	false	9.139789	9.153003149000142	81.354752
jdart-regression/boundcheck30.yml	true	false	2.773073	2.7852396879998196	80.347136
jdart-regression/double2long.yml	true	unknown	1.833773	1.8440525310006706	62.193664
jdart-regression/float.yml	true	unknown	1.768962	1.7876512850007202	66.228224
jdart-regression/list2.yml	true	true	184.28262	184.30657026099925	102.047744
jdart-regression/radians.yml	true	unknown	1.711298	1.7326732279998396	53.727232
jdart-regression/shifting.yml	true	unknown	1.784634	1.910241004999989	64.630784
jdart-regression/shifting2.yml	true	unknown	1.380047	1.4702680319996944	63.787008
jdart-regression/shifting3.yml	true	unknown	1.838512	1.953561152000475	64.069632
jdart-regression/startswith.yml	true	true	1.361687	1.3739638949991786	58.486784
securibench/Aliasing1.yml	true	false	3.299409	3.3124121289993127	64.139264
securibench/Aliasing2.yml	true	true	2.416861	2.4390097479999895	57.733120
securibench/Aliasing3.yml	true	true	3.183401	3.186420897000062	54.689792
securibench/Aliasing4.yml	true	false	3.34442	3.347574044999419	62.152704
securibench/Aliasing5.yml	true	false	2.661176	2.6738173350004217	74.911744
securibench/Aliasing6.yml	true	false	3.707352	3.719565080999928	63.086592
securibench/Arrays1.yml	true	false	2.492659	2.5047412820003956	62.324736
securibench/Arrays10.yml	false	unknown	3.239479	3.2429234620003626	61.734912
securibench/Arrays2.yml	true	false	3.402927	3.406049816000632	61.452288
securibench/Arrays3.yml	true	false	2.456573	2.4686226809999425	61.661184
securibench/Arrays4.yml	true	false	3.35704	3.3782867969994186	71.684096
securibench/Arrays5.yml	true	true	2.32092	2.340060937999624	53.960704
securibench/Arrays6.yml	true	false	3.395989	3.418712150999454	62.193664
securibench/Arrays7.yml	true	false	3.469507	3.491189489000135	71.344128
securibench/Arrays8.yml	true	false	2.599795	2.620214112999747	73.699328
securibench/Arrays9.yml	true	false	3.399399	3.4086130060004507	62.586880
securibench/Basic1.yml	true	false	2.622347	2.6347726209996836	61.661184
securibench/Basic10.yml	true	false	3.423883	3.435023115000149	71.016448
securibench/Basic11.yml	true	unknown	2.430382	2.433494001999861	54.423552
securibench/Basic12.yml	true	false	3.485938	3.4987393539995537	62.234624
securibench/Basic15.yml	true	false	2.575452	2.587834099000247	61.878272
securibench/Basic16.yml	true	false	2.675158	2.697175270000116	73.773056
securibench/Basic17.yml	true	false	3.372347	3.3785202029994252	61.931520
securibench/Basic18.yml	true	false	2.999206	3.0024287759997605	70.991872
securibench/Basic19.yml	true	false	3.560013	3.5691797080007746	61.837312
securibench/Basic2.yml	true	false	2.779484	2.796719816999939	73.986048
securibench/Basic20.yml	true	false	3.50707	3.529428996000206	63.234048
securibench/Basic21.yml	true	unknown	2.721431	2.7311488630002714	71.229440
securibench/Basic24.yml	true	unknown	2.677366	2.6951619219998975	75.681792
securibench/Basic25.yml	true	unknown	3.520125	3.5411583919994882	62.767104
securibench/Basic26.yml	true	false	3.270557	3.283345392999763	61.677568
securibench/Basic27.yml	true	false	2.676397	2.689041867999549	64.671744
securibench/Basic28.yml	true	true	2.523335	2.535609934000604	54.927360
securibench/Basic29.yml	true	false	3.57621	3.58798372199999	62.914560
securibench/Basic3.yml	true	unknown	2.412487	2.415068539999993	53.755904
securibench/Basic30.yml	true	false	3.333246	3.3457796319999034	61.501440
securibench/Basic31.yml	true	false	2.610129	2.617814124000688	61.898752
securibench/Basic32.yml	true	false	2.607975	2.6105741950004813	64.028672
securibench/Basic33.yml	true	false	3.526244	3.530241845999626	71.589888
securibench/Basic34.yml	true	false	2.786548	2.8013940250002634	74.383360
securibench/Basic35.yml	true	false	12.350033	12.363552019000053	77.934592
securibench/Basic37.yml	true	unknown	2.556134	2.6482092300002478	64.262144
securibench/Basic38.yml	true	unknown	2.51545	2.605556387999968	64.970752
securibench/Basic39.yml	true	unknown	3.356305	3.4765087079995283	64.159744
securibench/Basic4.yml	true	false	2.625853	2.628822949000096	65.740800
securibench/Basic5.yml	true	unknown	2.389055	2.401571865000733	56.025088
securibench/Basic6.yml	true	unknown	3.193759	3.2155857380003	56.250368
securibench/Basic7.yml	true	unknown	2.392515	2.394974600999376	54.181888
securibench/Basic8.yml	true	true	2.443593	2.456168759999855	55.398400
securibench/Basic9.yml	true	false	2.673859	2.6940276519999315	74.072064
securibench/Collections1.yml	true	false	3.634105	3.649158515000636	72.888320
securibench/Collections10.yml	true	false	2.611453	2.621105390999219	62.967808
securibench/Collections12.yml	true	false	3.35251	3.365442035000342	61.497344
securibench/Collections13.yml	true	true	2.464568	2.477140558999963	53.743616
securibench/Collections14.yml	true	false	3.201564	3.214451388999805	71.704576
securibench/Collections2.yml	true	false	3.457687	3.480292741000085	62.877696
securibench/Collections3.yml	true	false	2.633885	2.6561257290004505	62.599168
securibench/Collections4.yml	true	false	3.363282	3.3744156980001208	62.783488
securibench/Collections5.yml	true	false	2.597805	2.610174762000497	63.541248
securibench/Collections6.yml	true	false	3.389813	3.401609694000399	61.652992
securibench/Collections7.yml	true	false	2.55645	2.5682537659995432	61.702144
securibench/Collections8.yml	true	true	2.514927	2.5362546890000885	56.172544
securibench/Collections9.yml	false	unknown	3.335058	3.357503190999523	65.400832
securibench/Datastructures1.yml	true	false	2.68529	2.698027068000556	61.820928
securibench/Datastructures2.yml	true	false	3.437433	3.4501114959994084	62.631936
securibench/Datastructures3.yml	true	false	2.686022	2.69631151700014	63.737856
securibench/Datastructures4.yml	true	true	3.454746	3.468163738999465	54.456320
securibench/Datastructures5.yml	true	unknown	3.46863	3.4820584709996183	54.890496
securibench/Datastructures6.yml	true	false	3.592711	3.6133229850001953	91.721728
securibench/Factories1.yml	true	unknown	3.306978	3.324218660999577	55.496704
securibench/Factories2.yml	true	false	2.703635	2.7165095979999023	62.763008
securibench/Factories3.yml	true	false	3.672626	3.6953790289999233	65.392640
securibench/Inter1.yml	true	false	3.637915	3.651085112000146	63.459328
securibench/Inter10.yml	true	unknown	2.447935	2.4505525869999474	54.722560
securibench/Inter11.yml	true	unknown	2.524772	2.5376021179999952	55.468032
securibench/Inter12.yml	true	false	3.458036	3.470099026999378	64.524288
securibench/Inter13.yml	true	false	2.817193	2.830354986000202	65.748992
securibench/Inter14.yml	true	false	5.224147	5.2469626049996805	67.956736
securibench/Inter2.yml	true	false	2.709419	2.7222305379991667	61.882368
securibench/Inter3.yml	true	false	5.12455	5.134663167999861	66.854912
securibench/Inter4.yml	true	false	3.377791	3.3872644530001708	61.779968
securibench/Inter5.yml	true	unknown	2.437669	2.4503466109999863	54.636544
securibench/Inter6.yml	true	false	2.662465	2.684159765000004	73.994240
securibench/Inter7.yml	true	false	3.59476	3.613882560000093	70.795264
securibench/Inter8.yml	true	false	3.735646	3.757801157999893	62.455808
securibench/Inter9.yml	true	unknown	2.47465	2.486798947000352	54.366208
securibench/Pred1.yml	true	true	3.51164	3.524670767999851	55.279616
securibench/Pred2.yml	true	false	2.757118	2.7722938349998003	74.203136
securibench/Pred3.yml	true	true	2.639502	2.6606127459999698	61.083648
securibench/Pred4.yml	true	false	3.621781	3.6368736230006107	71.491584
securibench/Pred5.yml	true	false	2.550521	2.562426082999991	61.317120
securibench/Pred6.yml	true	true	3.46086	3.4831959500006633	54.841344
securibench/Pred7.yml	true	true	3.53022	3.5434025179993114	55.341056
securibench/Pred8.yml	true	false	2.651996	2.674415880000197	64.208896
securibench/Pred9.yml	true	true	2.585553	2.5977991890003977	60.600320
securibench/Refl1.yml	true	false	3.656747	3.6740398270003425	71.118848
securibench/Refl2.yml	true	true	3.544778	3.556766056000015	54.591488
securibench/Refl3.yml	true	false	3.713579	3.7266290719999233	61.837312
securibench/Refl4.yml	true	false	2.812691	2.832308555000054	73.961472
securibench/Sanitizers1.yml	true	TIMEOUT	900.977527	901.0022411910004	85.381120
securibench/Sanitizers2.yml	true	TIMEOUT	900.992619	901.0036983620003	110.686208
securibench/Sanitizers3.yml	true	unknown	3.485546	3.4986058129998128	61.558784
securibench/Sanitizers4.yml	true	TIMEOUT	900.992832	901.0026292770008	93.614080
securibench/Sanitizers5.yml	true	unknown	3.73576	3.7489518140000655	61.571072
securibench/Sanitizers6.yml	true	false	77.657085	77.67047510800057	103.034880
securibench/Session1.yml	true	false	3.326983	3.3391067150005256	62.480384
securibench/Session2.yml	true	false	3.223079	3.2258821909999824	61.984768
securibench/Session3.yml	true	false	3.291162	3.3040388660001554	63.815680
securibench/StrongUpdates1.yml	true	true	3.023495	3.03374088199962	54.157312
securibench/StrongUpdates2.yml	true	true	3.002096	3.014301418999821	54.738944
securibench/StrongUpdates3.yml	true	true	3.03518	3.0380624200006423	55.140352
securibench/StrongUpdates4.yml	true	true	3.056206	3.067909786999735	57.626624
securibench/StrongUpdates5.yml	false	unknown	3.003237	3.0156070439998075	55.853056
float-nonlinear-calculation/Bessel.yml	true	unknown	1.748714	1.7621198719998574	62.001152
float-nonlinear-calculation/Conflict.yml	true	unknown	1.812608	1.8252606859996376	62.431232
float-nonlinear-calculation/EulerMethod.yml	true	unknown	1.707708	1.7288214019999941	63.197184
float-nonlinear-calculation/MathSin.yml	true	unknown	2.21669	2.2293885070002943	52.432896
float-nonlinear-calculation/Optimization1.yml	true	unknown	2.194004	2.2071571780006707	56.856576
float-nonlinear-calculation/Optimization2.yml	true	unknown	2.248242	2.265944175000186	57.405440
float-nonlinear-calculation/Optimization3.yml	true	unknown	2.370212	2.382598895999763	62.599168
float-nonlinear-calculation/Optimization4.yml	true	unknown	2.252895	2.266067153000222	56.836096
float-nonlinear-calculation/Optimization5.yml	true	unknown	2.281599	2.30519289699987	57.188352
float-nonlinear-calculation/Optimization6.yml	true	unknown	2.261537	2.284123710000131	56.942592
float-nonlinear-calculation/PartitionEx.yml	true	unknown	1.728042	1.731411382999795	62.566400
float-nonlinear-calculation/TurnLogic.yml	true	true	1.599547	1.6174489869999888	52.449280
float-nonlinear-calculation/coral1.yml	true	unknown	2.256511	2.2685714680001183	57.364480
float-nonlinear-calculation/coral10.yml	true	unknown	2.220609	2.224265175000255	57.180160
float-nonlinear-calculation/coral11.yml	true	unknown	2.267311	2.289849444000538	57.823232
float-nonlinear-calculation/coral12.yml	true	unknown	2.242382	2.25582809000025	57.122816
float-nonlinear-calculation/coral13.yml	true	unknown	2.261748	2.2741658340000868	56.930304
float-nonlinear-calculation/coral14.yml	true	unknown	2.307691	2.323965061000308	58.892288
float-nonlinear-calculation/coral15.yml	true	unknown	2.238906	2.2622499099998095	57.184256
float-nonlinear-calculation/coral16.yml	true	unknown	2.409671	2.4166291700003057	63.320064
float-nonlinear-calculation/coral17.yml	true	unknown	2.285356	2.29743339200013	59.125760
float-nonlinear-calculation/coral18.yml	true	unknown	2.303377	2.311304246999498	57.470976
float-nonlinear-calculation/coral19.yml	true	unknown	2.35698	2.370020757999555	57.851904
float-nonlinear-calculation/coral2.yml	true	unknown	2.324049	2.346590299000127	57.298944
float-nonlinear-calculation/coral20.yml	true	unknown	2.402903	2.4253710130005857	59.551744
float-nonlinear-calculation/coral21.yml	true	unknown	2.330969	2.3504831879999983	58.822656
float-nonlinear-calculation/coral22.yml	true	unknown	2.442	2.4539695060002487	57.090048
float-nonlinear-calculation/coral23.yml	true	unknown	2.442161	2.449465479000537	62.779392
float-nonlinear-calculation/coral26.yml	true	unknown	2.479926	2.4926959350004836	64.020480
float-nonlinear-calculation/coral27.yml	true	unknown	2.239255	2.2521721160001107	57.094144
float-nonlinear-calculation/coral28.yml	true	unknown	2.450001	2.4700073870008055	61.505536
float-nonlinear-calculation/coral29.yml	true	unknown	2.293746	2.3064198130005025	57.671680
float-nonlinear-calculation/coral3.yml	true	unknown	2.527786	2.530661142000099	62.218240
float-nonlinear-calculation/coral30.yml	true	unknown	2.224778	2.2473410940001486	52.989952
float-nonlinear-calculation/coral31.yml	true	unknown	2.444751	2.4568973040004494	62.730240
float-nonlinear-calculation/coral32.yml	true	unknown	2.441974	2.4513325820007594	57.692160
float-nonlinear-calculation/coral33.yml	true	unknown	2.309442	2.3295704829997703	58.068992
float-nonlinear-calculation/coral34.yml	true	unknown	2.336665	2.3599634900001547	57.552896
float-nonlinear-calculation/coral35.yml	true	unknown	2.400319	2.4118546899999274	57.987072
float-nonlinear-calculation/coral36.yml	true	unknown	2.23372	2.2455466920000617	52.781056
float-nonlinear-calculation/coral38.yml	true	unknown	2.379556	2.4007202810007584	57.319424
float-nonlinear-calculation/coral39.yml	true	unknown	2.388805	2.3992274450001787	58.322944
float-nonlinear-calculation/coral4.yml	true	unknown	2.268685	2.2914950699996552	59.076608
float-nonlinear-calculation/coral40.yml	true	unknown	2.325336	2.349006976000055	58.032128
float-nonlinear-calculation/coral41.yml	true	unknown	2.376396	2.3851659050005765	57.372672
float-nonlinear-calculation/coral42.yml	true	unknown	2.323894	2.34298558699993	59.674624
float-nonlinear-calculation/coral43.yml	true	unknown	2.382913	2.403070320000552	60.907520
float-nonlinear-calculation/coral44.yml	true	unknown	2.401265	2.4097550200003752	57.012224
float-nonlinear-calculation/coral45.yml	true	unknown	2.334398	2.3457844140002635	58.507264
float-nonlinear-calculation/coral46.yml	true	unknown	2.405683	2.4247072879998086	58.003456
float-nonlinear-calculation/coral48.yml	true	unknown	2.516654	2.529883484000493	63.311872
float-nonlinear-calculation/coral49.yml	true	unknown	2.298788	2.314895245000116	60.534784
float-nonlinear-calculation/coral5.yml	true	unknown	2.625249	2.6419654880000962	72.134656
float-nonlinear-calculation/coral50.yml	true	unknown	2.416304	2.4349127179993957	57.319424
float-nonlinear-calculation/coral51.yml	true	unknown	2.3193	2.3407427529991764	58.556416
float-nonlinear-calculation/coral52.yml	true	unknown	1.716002	1.7187841779996234	57.122816
float-nonlinear-calculation/coral53.yml	true	unknown	2.323594	2.3370325949999824	57.073664
float-nonlinear-calculation/coral54.yml	true	unknown	1.738235	1.7622939970005973	56.692736
float-nonlinear-calculation/coral55.yml	true	unknown	2.53072	2.543002032000004	62.402560
float-nonlinear-calculation/coral56.yml	true	unknown	2.465046	2.4752269430000524	65.822720
float-nonlinear-calculation/coral57.yml	true	unknown	1.814459	1.8236335709998457	65.085440
float-nonlinear-calculation/coral58.yml	true	unknown	2.545598	2.5595776700001807	62.832640
float-nonlinear-calculation/coral59.yml	true	unknown	2.657271	2.669525490999149	72.925184
float-nonlinear-calculation/coral6.yml	true	unknown	2.308416	2.3123549429992636	57.774080
float-nonlinear-calculation/coral60.yml	true	unknown	1.880404	1.888838749999195	64.102400
float-nonlinear-calculation/coral61.yml	true	unknown	2.486404	2.496050512000693	63.606784
float-nonlinear-calculation/coral62.yml	true	unknown	2.42528	2.431939391999549	62.832640
float-nonlinear-calculation/coral63.yml	true	unknown	2.530016	2.533735240000169	62.619648
float-nonlinear-calculation/coral64.yml	true	unknown	1.820513	1.831713843000216	62.582784
float-nonlinear-calculation/coral65.yml	true	unknown	2.492989	2.4962778690005507	63.332352
float-nonlinear-calculation/coral66.yml	true	unknown	1.875672	1.8782480700001543	64.905216
float-nonlinear-calculation/coral67.yml	true	unknown	2.350928	2.36483114100065	63.414272
float-nonlinear-calculation/coral68.yml	true	unknown	2.590759	2.6048989920000167	63.803392
float-nonlinear-calculation/coral69.yml	true	unknown	1.831895	1.8413063839998358	63.266816
float-nonlinear-calculation/coral71.yml	true	unknown	2.334782	2.3381689759999063	58.109952
float-nonlinear-calculation/coral72.yml	true	unknown	2.307823	2.32992935799939	57.585664
float-nonlinear-calculation/coral73.yml	true	unknown	2.406891	2.426926714999354	61.566976
float-nonlinear-calculation/coral74.yml	true	unknown	1.740314	1.758553061999919	60.014592
float-nonlinear-calculation/coral75.yml	true	unknown	2.437914	2.445900636999795	58.871808
float-nonlinear-calculation/coral76.yml	true	unknown	2.387092	2.3901366099998995	64.409600
float-nonlinear-calculation/coral77.yml	true	unknown	2.448156	2.469927120000648	62.779392
float-nonlinear-calculation/coral79.yml	true	unknown	1.780225	1.7847241859999485	65.404928
float-nonlinear-calculation/coral80.yml	true	unknown	2.54209	2.5543680720002158	63.406080
float-nonlinear-calculation/coral81.yml	true	unknown	2.308727	2.3162966219997543	56.913920
float-nonlinear-calculation/coral84.yml	true	unknown	1.724887	1.7454685160000736	60.760064
float-nonlinear-calculation/coral9.yml	true	unknown	2.115612	2.128203857999324	57.303040
float-nonlinear-calculation/coral91.yml	true	unknown	1.694639	1.7077280829998926	62.525440
