tool		SPF Saturday 31 May 2025 06:50:59 PM IST	SPF Saturday 31 May 2025 06:50:59 PM IST	SPF Saturday 31 May 2025 06:50:59 PM IST	SPF Saturday 31 May 2025 06:50:59 PM IST
run set		SV-COMP25_runtime-exception.RuntimeException-Java	SV-COMP25_runtime-exception.RuntimeException-Java	SV-COMP25_runtime-exception.RuntimeException-Java	SV-COMP25_runtime-exception.RuntimeException-Java
sv-benchmarks/java/		status	cputime (s)	walltime (s)	memory (MB)
jayhorn-recursive/Ackermann01.yml	true	false	2.021338	2.0410624329997518	82.104320
jayhorn-recursive/Addition.yml	true	true	2.177645	2.1844279149991053	92.921856
jayhorn-recursive/InfiniteLoop.yml	true	false	1.320981	1.3258122639999783	77.524992
jayhorn-recursive/SatAckermann01.yml	true	true	10.423256	10.42733768799917	156.598272
jayhorn-recursive/SatAckermann02.yml	true	true	10.625009	10.638518130001103	153.120768
jayhorn-recursive/SatAckermann03.yml	true	true	10.758899	10.773652245999983	155.795456
jayhorn-recursive/SatAddition01.yml	true	true	2.10865	2.115311503999692	82.202624
jayhorn-recursive/SatEvenOdd01.yml	true	true	2.01658	2.039499816000898	79.667200
jayhorn-recursive/SatFibonacci01.yml	true	true	2.184708	2.203306731000339	101.097472
jayhorn-recursive/SatFibonacci02.yml	true	true	1.735769	1.758565123000153	53.940224
jayhorn-recursive/SatFibonacci03.yml	true	true	3.643815	3.650046664999536	108.662784
jayhorn-recursive/SatGcd.yml	true	TIMEOUT	900.95149	901.003214241	175.521792
jayhorn-recursive/SatHanoi01.yml	true	true	7.536994	7.549078146999818	174.022656
jayhorn-recursive/SatMccarthy91.yml	true	true	53.366004	53.38753613699919	183.001088
jayhorn-recursive/SatMultCommutative01.yml	true	true	2.30402	2.3155303439998534	80.900096
jayhorn-recursive/SatPrimes01.yml	true	unknown	427.409061	427.5269036709997	218.562560
jayhorn-recursive/UnsatAckermann01.yml	true	false	1.941833	1.9648758969997289	79.323136
jayhorn-recursive/UnsatAddition01.yml	true	false	1.95342	1.971145007000814	81.707008
jayhorn-recursive/UnsatAddition02.yml	true	true	2.263656	2.267799458999434	80.523264
jayhorn-recursive/UnsatEvenOdd01.yml	true	false	1.426371	1.4370440729999245	78.540800
jayhorn-recursive/UnsatFibonacci01.yml	true	false	1.598107	1.618451598998945	92.827648
jayhorn-recursive/UnsatFibonacci02.yml	true	false	1.855527	1.8762489860000642	94.224384
jayhorn-recursive/UnsatMccarthy91.yml	true	false	1.96718	1.98934804000055	82.792448
jbmc-regression/ArithmeticException1.yml	true	false	1.424198	1.4366323320009542	79.413248
jbmc-regression/ArithmeticException5.yml	true	true	1.812979	1.829662976999316	54.353920
jbmc-regression/ArithmeticException6.yml	true	false	1.524528	1.542634323999664	89.034752
jbmc-regression/ArrayIndexOutOfBoundsException1.yml	true	false	1.458312	1.4812293489994772	80.871424
jbmc-regression/ArrayIndexOutOfBoundsException2.yml	true	false	2.005371	2.02826275499865	88.211456
jbmc-regression/ArrayIndexOutOfBoundsException3.yml	true	false	1.473404	1.4851782569985517	80.138240
jbmc-regression/BufferedReaderReadLine.yml	true	false	1.490395	1.5133371749998332	77.856768
jbmc-regression/CharSequenceBug.yml	true	false	1.426672	1.429619819000436	78.381056
jbmc-regression/CharSequenceToString.yml	true	false	1.940197	1.953391429000476	79.888384
jbmc-regression/ClassCastException1.yml	true	false	1.303975	1.3161940070003766	54.939648
jbmc-regression/ClassCastException2.yml	true	true	1.703584	1.723548033998668	54.317056
jbmc-regression/ClassCastException3.yml	true	false	1.374322	1.3864224939989072	52.600832
jbmc-regression/Class_method1.yml	true	true	1.35608	1.367783015999521	52.244480
jbmc-regression/Inheritance1.yml	true	true	1.812044	1.8278270219998376	53.874688
jbmc-regression/NegativeArraySizeException1.yml	true	false	1.362261	1.3816972880013054	53.301248
jbmc-regression/NegativeArraySizeException2.yml	true	false	1.709289	1.7225626409999677	55.488512
jbmc-regression/NullPointerException1.yml	true	true	1.342338	1.3588081300003978	53.800960
jbmc-regression/NullPointerException2.yml	true	false	1.336952	1.3597928500003036	55.189504
jbmc-regression/NullPointerException3.yml	true	false	1.369469	1.3904628269992827	54.546432
jbmc-regression/NullPointerException4.yml	true	false	1.813041	1.8359348400008457	53.985280
jbmc-regression/RegexMatches01.yml	true	true	1.31336	1.3264658790012618	53.817344
jbmc-regression/RegexMatches02.yml	true	true	1.396183	1.418170506000024	55.214080
jbmc-regression/RegexSubstitution01.yml	true	true	1.832581	1.8413242169990554	53.706752
jbmc-regression/RegexSubstitution02.yml	true	unknown	1.424516	1.4326198029993975	55.209984
jbmc-regression/RegexSubstitution03.yml	true	true	1.350685	1.3536269670003094	53.485568
jbmc-regression/StaticCharMethods01.yml	true	true	1.796669	1.8057903150001948	54.710272
jbmc-regression/StaticCharMethods02.yml	true	false	1.493412	1.5118919460001052	88.526848
jbmc-regression/StaticCharMethods03.yml	true	false	1.879729	1.90302960200097	78.970880
jbmc-regression/StaticCharMethods04.yml	true	false	1.35379	1.3740439800003514	53.784576
jbmc-regression/StaticCharMethods05.yml	false	unknown	1.437011	1.4401496259997657	54.996992
jbmc-regression/StaticCharMethods06.yml	true	true	1.472923	1.483629292999467	78.290944
jbmc-regression/StringBuilderAppend01.yml	true	true	1.90365	1.9069369770004414	53.456896
jbmc-regression/StringBuilderAppend02.yml	true	unknown	1.390836	1.3936762860012095	53.448704
jbmc-regression/StringBuilderCapLen01.yml	true	true	1.786875	1.8074552699999913	55.541760
jbmc-regression/StringBuilderCapLen02.yml	true	false	1.348901	1.3617698910002218	53.366784
jbmc-regression/StringBuilderCapLen03.yml	true	unknown	1.40184	1.4148756199992931	53.305344
jbmc-regression/StringBuilderCapLen04.yml	true	unknown	1.4008	1.4231762300005357	55.603200
jbmc-regression/StringBuilderChars01.yml	true	true	1.888516	1.907899283000006	62.828544
jbmc-regression/StringBuilderChars02.yml	true	false	1.423201	1.4405246369988163	56.778752
jbmc-regression/StringBuilderChars03.yml	false	unknown	1.752914	1.766167650999705	53.522432
jbmc-regression/StringBuilderChars04.yml	true	unknown	1.405208	1.4252202169991506	55.144448
jbmc-regression/StringBuilderChars05.yml	false	unknown	1.413069	1.4207198359999893	55.046144
jbmc-regression/StringBuilderChars06.yml	true	unknown	1.829634	1.8429320030008967	53.555200
jbmc-regression/StringBuilderConstructors01.yml	true	unknown	1.420811	1.433502670000962	79.261696
jbmc-regression/StringBuilderConstructors02.yml	true	unknown	1.300298	1.3225468969994836	54.820864
jbmc-regression/StringBuilderInsertDelete01.yml	true	true	1.859105	1.8724385340010485	53.850112
jbmc-regression/StringBuilderInsertDelete02.yml	true	unknown	1.431072	1.4411439380000957	55.500800
jbmc-regression/StringBuilderInsertDelete03.yml	true	unknown	1.446371	1.4659700709999015	56.090624
jbmc-regression/StringCompare01.yml	true	true	1.391929	1.412329322000005	53.071872
jbmc-regression/StringCompare02.yml	true	unknown	1.8402	1.8482460800005356	53.534720
jbmc-regression/StringCompare03.yml	true	unknown	1.704581	1.7175095760012482	53.428224
jbmc-regression/StringCompare04.yml	true	unknown	1.31498	1.3267808370001148	56.377344
jbmc-regression/StringCompare05.yml	true	false	1.402301	1.4184025810009189	55.730176
jbmc-regression/StringConcatenation01.yml	true	false	1.458736	1.4715608499991504	54.640640
jbmc-regression/StringConcatenation02.yml	true	false	1.863741	1.8672085809994314	54.730752
jbmc-regression/StringConcatenation03.yml	true	false	1.470833	1.4892164339999	55.144448
jbmc-regression/StringConcatenation04.yml	true	false	1.856389	1.8784953539998241	56.496128
jbmc-regression/StringConstructors01.yml	true	true	1.311523	1.3233693649999623	53.145600
jbmc-regression/StringConstructors02.yml	true	false	1.334876	1.3378342320011143	55.136256
jbmc-regression/StringConstructors03.yml	true	false	1.38814	1.4012015990010696	54.296576
jbmc-regression/StringConstructors04.yml	true	false	1.882582	1.8954474090005533	54.243328
jbmc-regression/StringConstructors05.yml	true	false	1.385733	1.40601813000103	57.274368
jbmc-regression/StringContains01.yml	true	false	1.795679	1.8087608250007179	57.139200
jbmc-regression/StringContains02.yml	true	false	1.408902	1.4271910560000833	56.979456
jbmc-regression/StringIndexMethods01.yml	true	true	1.348207	1.3596947639998689	55.422976
jbmc-regression/StringIndexMethods02.yml	true	false	1.368454	1.3813883170005283	78.901248
jbmc-regression/StringIndexMethods03.yml	true	false	1.960324	1.9675817129991628	80.166912
jbmc-regression/StringIndexMethods04.yml	true	false	1.504197	1.5242772969995713	81.960960
jbmc-regression/StringIndexMethods05.yml	true	false	1.890754	1.9037692860001698	80.121856
jbmc-regression/StringMiscellaneous01.yml	true	true	1.442343	1.4622418589988229	56.774656
jbmc-regression/StringMiscellaneous02.yml	true	false	1.430012	1.4430843979989731	78.303232
jbmc-regression/StringMiscellaneous03.yml	false	false	1.474709	1.4879823770006624	79.736832
jbmc-regression/StringMiscellaneous04.yml	true	true	1.911107	1.9270576779999828	54.763520
jbmc-regression/StringStartEnd01.yml	true	true	1.331103	1.333963674998813	52.940800
jbmc-regression/StringStartEnd02.yml	true	false	1.844413	1.8670224729994516	56.823808
jbmc-regression/StringStartEnd03.yml	true	false	1.428833	1.446449715000199	56.619008
jbmc-regression/StringValueOf01.yml	true	true	1.364983	1.3776813329986908	53.329920
jbmc-regression/StringValueOf02.yml	false	false	1.436362	1.4475040119996265	55.189504
jbmc-regression/StringValueOf03.yml	false	false	1.903097	1.9156024639996758	53.161984
jbmc-regression/StringValueOf04.yml	true	false	1.772238	1.7917698540004494	54.239232
jbmc-regression/StringValueOf05.yml	true	false	1.539183	1.554087847998744	88.260608
jbmc-regression/StringValueOf06.yml	true	false	1.362694	1.3754837460001	53.891072
jbmc-regression/StringValueOf07.yml	true	unknown	1.353473	1.3745713280004566	55.103488
jbmc-regression/StringValueOf08.yml	false	unknown	1.401656	1.4142715580001095	54.325248
jbmc-regression/StringValueOf09.yml	false	unknown	1.882146	1.9032518869989872	56.688640
jbmc-regression/StringValueOf10.yml	true	false	1.785657	1.7991227330003312	54.386688
jbmc-regression/SubString01.yml	true	true	1.29123	1.3126006220009003	56.434688
jbmc-regression/SubString02.yml	false	false	1.368897	1.381890419001138	54.284288
jbmc-regression/SubString03.yml	false	false	1.43153	1.4484061900002416	56.909824
jbmc-regression/TokenTest01.yml	true	true	1.374995	1.387518273999376	53.297152
jbmc-regression/TokenTest02.yml	true	unknown	1.750161	1.75787444100024	53.866496
jbmc-regression/Validate01.yml	true	true	1.856247	1.8670724519997748	54.923264
jbmc-regression/Validate02.yml	true	unknown	1.364231	1.3828460990007443	54.607872
jbmc-regression/aastore_aaload1.yml	true	true	325.529269	325.6610659050002	129.363968
jbmc-regression/array1.yml	true	true	1.732414	1.7541989969995484	92.553216
jbmc-regression/array2.yml	true	true	1.417511	1.4311456070008717	81.215488
jbmc-regression/arraylength1.yml	true	true	1.883394	1.8968847060004919	79.085568
jbmc-regression/arrayread1.yml	true	true	1.937854	1.9475952320008219	81.977344
jbmc-regression/assert1.yml	true	true	1.391815	1.405161931999828	78.643200
jbmc-regression/assert2.yml	true	false	1.442477	1.4557971549984359	78.790656
jbmc-regression/assert3.yml	true	false	1.891057	1.9044693899995764	79.908864
jbmc-regression/assert4.yml	true	false	1.926037	1.9391849109997565	79.237120
jbmc-regression/assert5.yml	true	true	1.391129	1.4039003340003546	78.385152
jbmc-regression/assert6.yml	true	true	1.379556	1.3830467450006836	79.138816
jbmc-regression/astore_aload1.yml	true	true	1.902574	1.9153692349991616	53.649408
jbmc-regression/athrow1.yml	true	false	1.350964	1.3660468479993142	52.224000
jbmc-regression/basic1.yml	true	true	1.829136	1.8421283200004837	53.526528
jbmc-regression/bitwise1.yml	true	true	1.405485	1.417304630000217	78.102528
jbmc-regression/boolean1.yml	true	true	1.510218	1.5317329939989577	88.272896
jbmc-regression/boolean2.yml	true	true	1.36072	1.373928082999555	78.868480
jbmc-regression/bug-test-gen-095.yml	true	false	1.81992	1.836974513000314	56.045568
jbmc-regression/bug-test-gen-119-2.yml	true	true	1.789097	1.8106905989989173	54.296576
jbmc-regression/bug-test-gen-119.yml	true	false	1.534036	1.5537604090004606	88.121344
jbmc-regression/calc.yml	true	true	81.048169	81.06757234299948	126.853120
jbmc-regression/cast1.yml	true	true	1.865339	1.8754210450006212	80.523264
jbmc-regression/catch1.yml	true	true	1.8422	1.8650395509994269	53.440512
jbmc-regression/char1.yml	true	true	1.502152	1.5054102029989735	88.899584
jbmc-regression/charArray.yml	true	unknown	1.875039	1.8788313739987643	78.606336
jbmc-regression/classtest1.yml	true	true	1.72641	1.73729307999929	54.538240
jbmc-regression/const1.yml	true	true	1.300718	1.3184987799995724	55.791616
jbmc-regression/constructor1.yml	true	true	1.306886	1.3192644190003193	53.952512
jbmc-regression/enum1.yml	true	true	1.313262	1.316305132000707	53.276672
jbmc-regression/exceptions1.yml	true	false	1.765029	1.7824027170008776	55.050240
jbmc-regression/exceptions10.yml	true	false	1.281182	1.3008006889995158	53.850112
jbmc-regression/exceptions11.yml	true	false	1.806391	1.8299942479989113	56.098816
jbmc-regression/exceptions12.yml	true	false	1.293795	1.3065069989988842	54.960128
jbmc-regression/exceptions13.yml	true	false	1.325072	1.3456809380004415	55.619584
jbmc-regression/exceptions14.yml	true	true	1.725136	1.7382114150004782	54.132736
jbmc-regression/exceptions15.yml	true	true	1.764424	1.7675089119984477	53.829632
jbmc-regression/exceptions16.yml	true	false	1.2988	1.311874220999016	53.972992
jbmc-regression/exceptions18.yml	true	true	1.360764	1.382979587000591	56.242176
jbmc-regression/exceptions2.yml	true	false	1.732762	1.73575522900137	53.592064
jbmc-regression/exceptions3.yml	true	false	1.788428	1.8068662360001326	54.689792
jbmc-regression/exceptions4.yml	true	true	1.327527	1.3462920259989914	54.484992
jbmc-regression/exceptions5.yml	true	true	1.330818	1.342684053000994	53.481472
jbmc-regression/exceptions6.yml	true	false	1.303963	1.3178475779986911	53.395456
jbmc-regression/exceptions7.yml	true	false	1.756326	1.770029269000588	55.128064
jbmc-regression/exceptions8.yml	true	false	1.778517	1.794193585999892	54.857728
jbmc-regression/exceptions9.yml	true	true	1.332673	1.3453575019993878	53.374976
jbmc-regression/fcmpx_dcmpx1.yml	true	true	1.358183	1.3746952990004502	53.432320
jbmc-regression/iarith1.yml	true	true	1.330541	1.3533953540008952	52.604928
jbmc-regression/iarith2.yml	true	true	1.712567	1.7210905960000673	53.514240
jbmc-regression/if_acmp1.yml	true	true	1.811586	1.8300181300000986	55.328768
jbmc-regression/if_expr1.yml	true	true	1.379784	1.3927501480011415	78.548992
jbmc-regression/if_icmp1.yml	true	true	1.558535	1.5747540720003599	89.001984
jbmc-regression/ifxx1.yml	true	true	1.719876	1.7348595860003115	56.111104
jbmc-regression/instanceof1.yml	true	true	1.715145	1.7382479629995942	53.723136
jbmc-regression/instanceof2.yml	true	true	1.259018	1.2819203520011797	52.895744
jbmc-regression/instanceof3.yml	true	true	1.311173	1.327425007999409	54.427648
jbmc-regression/instanceof4.yml	true	true	1.723347	1.7457701629991789	53.469184
jbmc-regression/instanceof5.yml	true	true	1.255039	1.2678369559998828	53.383168
jbmc-regression/instanceof6.yml	true	true	1.757573	1.7701685989995894	56.229888
jbmc-regression/instanceof7.yml	true	true	1.316704	1.3373439759998291	53.112832
jbmc-regression/instanceof8.yml	true	true	1.343067	1.3635014459996455	55.607296
jbmc-regression/interface1.yml	true	false	1.728689	1.7458455249998224	54.886400
jbmc-regression/java_append_char.yml	true	false	2.040345	2.061351147000096	91.738112
jbmc-regression/lazyloading4.yml	true	true	1.280797	1.3033774380000978	54.976512
jbmc-regression/list1.yml	true	true	58.970831	58.99637911999889	166.387712
jbmc-regression/long1.yml	true	true	1.334641	1.3530614560004324	55.144448
jbmc-regression/lookupswitch1.yml	true	true	1.895751	1.9057992629986984	78.983168
jbmc-regression/multinewarray.yml	true	true	1.801141	1.8165166300004785	55.996416
jbmc-regression/overloading1.yml	true	true	1.296398	1.3090920669983461	55.250944
jbmc-regression/package1.yml	true	true	1.707632	1.7208178139990196	54.788096
jbmc-regression/putfield_getfield1.yml	true	true	1.733958	1.747004029000891	53.927936
jbmc-regression/putstatic_getstatic1.yml	true	true	1.311093	1.3294247579997318	55.341056
jbmc-regression/recursion2.yml	true	true	1.704225	1.7134704759992019	52.740096
jbmc-regression/return1.yml	true	false	1.295118	1.3080362620003143	54.980608
jbmc-regression/return2.yml	true	false	1.881392	1.893002165001235	79.024128
jbmc-regression/store_load1.yml	true	true	1.774718	1.7781201660000079	52.408320
jbmc-regression/swap1.yml	true	true	1.259373	1.2798944639998808	55.066624
jbmc-regression/synchronized.yml	true	true	1.740786	1.7635771079985716	53.202944
jbmc-regression/tableswitch1.yml	true	true	1.484147	1.503677450999021	92.200960
jbmc-regression/uninitialised1.yml	true	true	1.673236	1.6959216929990362	53.026816
jbmc-regression/virtual1.yml	true	true	1.776222	1.7934905410002102	56.135680
jbmc-regression/virtual2.yml	true	false	1.338316	1.3478805609993287	53.481472
jbmc-regression/virtual4.yml	true	true	1.734838	1.7462825279999379	53.448704
jbmc-regression/virtual_function_unwinding.yml	true	true	1.786906	1.8061014830000204	54.804480
jpf-regression/ExDarko_false.yml	true	false	1.471717	1.4832853700008855	80.777216
jpf-regression/ExDarko_true.yml	true	true	1.913588	1.926556853000875	80.855040
jpf-regression/ExException_false.yml	false	false	1.536336	1.5452309899992542	88.436736
jpf-regression/ExException_true.yml	true	true	1.939911	1.9432858710006258	80.416768
jpf-regression/ExGenSymExe_false.yml	true	false	1.74516	1.7642994399993768	54.431744
jpf-regression/ExGenSymExe_true.yml	true	true	1.349176	1.3518271009997989	55.652352
jpf-regression/ExLazy_false.yml	true	false	1.928672	1.9519349239999428	81.723392
jpf-regression/ExLazy_true.yml	true	true	1.408541	1.4213773640003637	78.868480
jpf-regression/ExMIT_false.yml	true	false	2.015442	2.027689748998455	88.424448
jpf-regression/ExMIT_true.yml	true	true	1.912131	1.9160246590017778	79.065088
jpf-regression/ExSymExe10_false.yml	true	false	1.468014	1.4807326350000949	81.547264
jpf-regression/ExSymExe10_true.yml	true	true	1.816429	1.8252774859993224	78.532608
jpf-regression/ExSymExe11_false.yml	true	false	1.370554	1.3891068590000941	55.234560
jpf-regression/ExSymExe11_true.yml	true	true	2.005625	2.0268885050008976	83.079168
jpf-regression/ExSymExe12_false.yml	true	false	1.932323	1.9537317930007703	80.334848
jpf-regression/ExSymExe12_true.yml	true	true	1.375107	1.3778474709997681	79.241216
jpf-regression/ExSymExe13_false.yml	true	false	1.941235	1.9551244430003862	79.568896
jpf-regression/ExSymExe13_true.yml	true	true	1.443003	1.453742637000687	79.245312
jpf-regression/ExSymExe14_false.yml	true	false	1.858821	1.868546546998914	80.629760
jpf-regression/ExSymExe14_true.yml	true	true	2.009714	2.0129803189993254	78.987264
jpf-regression/ExSymExe15_false.yml	true	false	1.436098	1.4519167890011886	78.856192
jpf-regression/ExSymExe15_true.yml	true	true	1.895828	1.9138683769997442	82.493440
jpf-regression/ExSymExe16_false.yml	true	false	1.336091	1.3486866969997209	55.386112
jpf-regression/ExSymExe16_true.yml	true	true	1.791921	1.805230419999134	53.190656
jpf-regression/ExSymExe17_false.yml	true	false	1.717903	1.735899432000224	55.820288
jpf-regression/ExSymExe17_true.yml	true	true	1.312687	1.3233497699984582	54.845440
jpf-regression/ExSymExe18_false.yml	true	false	1.900117	1.9038100360012322	78.041088
jpf-regression/ExSymExe18_true.yml	true	true	1.338949	1.343153315001473	53.579776
jpf-regression/ExSymExe19_false.yml	true	false	1.910634	1.9243621389996406	79.974400
jpf-regression/ExSymExe19_true.yml	true	true	4.77935	4.7829492339988064	125.911040
jpf-regression/ExSymExe1_false.yml	true	false	1.68246	1.6947366719996353	113.614848
jpf-regression/ExSymExe1_true.yml	true	true	1.762038	1.7749442650001583	54.353920
jpf-regression/ExSymExe20_false.yml	true	false	4.424666	4.435093366999354	156.606464
jpf-regression/ExSymExe20_true.yml	true	true	1.855563	1.873517197000183	56.795136
jpf-regression/ExSymExe21_false.yml	true	false	2.625345	2.642706275999444	125.624320
jpf-regression/ExSymExe21_true.yml	true	true	1.883053	1.8994404479999503	55.345152
jpf-regression/ExSymExe25_false.yml	true	false	1.540079	1.5515445830005774	88.276992
jpf-regression/ExSymExe25_true.yml	true	true	1.795709	1.8032017839996115	53.555200
jpf-regression/ExSymExe26_false.yml	true	false	2.784815	2.7975654829988343	116.002816
jpf-regression/ExSymExe26_true.yml	true	true	1.326247	1.3470515370008798	55.861248
jpf-regression/ExSymExe27_false.yml	true	false	2.0101	2.0257965339988004	82.948096
jpf-regression/ExSymExe27_true.yml	true	true	1.289496	1.3097987370001647	53.460992
jpf-regression/ExSymExe28_false.yml	true	false	1.921979	1.935652537000351	78.974976
jpf-regression/ExSymExe28_true.yml	true	true	1.834596	1.8512878969995654	54.530048
jpf-regression/ExSymExe29_false.yml	true	false	2.230843	2.2339256319992273	158.400512
jpf-regression/ExSymExe29_true.yml	true	true	1.795411	1.8153435149997676	53.489664
jpf-regression/ExSymExe2_false.yml	true	false	2.625459	2.638630899000418	130.387968
jpf-regression/ExSymExe2_true.yml	true	true	1.366011	1.3686715699986962	53.698560
jpf-regression/ExSymExe3_false.yml	true	false	2.026606	2.0481218910008465	88.641536
jpf-regression/ExSymExe3_true.yml	true	true	1.366309	1.3876538500007882	53.592064
jpf-regression/ExSymExe4_false.yml	true	false	3.288118	3.3118242590007867	113.885184
jpf-regression/ExSymExe4_true.yml	true	true	1.356431	1.378747706001377	54.108160
jpf-regression/ExSymExe5_false.yml	true	false	1.971668	1.9835312870000052	79.728640
jpf-regression/ExSymExe5_true.yml	true	true	1.327954	1.339509977000489	55.300096
jpf-regression/ExSymExe6_false.yml	true	false	1.949777	1.9628019770007086	79.183872
jpf-regression/ExSymExe6_true.yml	true	true	1.824516	1.847404127000118	53.624832
jpf-regression/ExSymExe7_false.yml	true	false	1.585001	1.5973730379992048	108.158976
jpf-regression/ExSymExe7_true.yml	true	true	2.079751	2.0883419350011536	114.860032
jpf-regression/ExSymExe8_false.yml	true	false	2.424026	2.437043308000284	118.075392
jpf-regression/ExSymExe8_true.yml	true	true	1.303903	1.3257014030004939	54.308864
jpf-regression/ExSymExe9_false.yml	true	false	1.353929	1.3641265139995085	54.628352
jpf-regression/ExSymExe9_true.yml	true	true	1.774519	1.7856068159999268	53.174272
jpf-regression/ExSymExeArrays_false.yml	true	false	1.790147	1.8120294320015091	54.861824
jpf-regression/ExSymExeArrays_true.yml	true	true	1.341753	1.3542633920005755	53.096448
jpf-regression/ExSymExeBool_false.yml	true	false	1.790545	1.8037399469994853	53.481472
jpf-regression/ExSymExeBool_true.yml	true	true	1.797333	1.8103547749997233	54.804480
jpf-regression/ExSymExeComplexMath_false.yml	true	false	1.395598	1.408271808999416	53.161984
jpf-regression/ExSymExeComplexMath_true.yml	true	true	1.816647	1.8201460899999802	53.571584
jpf-regression/ExSymExeD2I_false.yml	true	false	1.314385	1.3263080730012007	53.456896
jpf-regression/ExSymExeD2I_true.yml	true	true	1.388392	1.3985052070001984	77.754368
jpf-regression/ExSymExeD2L_false.yml	true	true	1.976415	1.9959252110002126	82.878464
jpf-regression/ExSymExeD2L_true.yml	true	true	1.392404	1.3953457950010488	80.515072
jpf-regression/ExSymExeF2I_false.yml	true	false	1.336398	1.3474788450002961	53.370880
jpf-regression/ExSymExeF2I_true.yml	true	true	1.866443	1.8772864589991514	79.441920
jpf-regression/ExSymExeF2L_false.yml	true	true	1.456959	1.4774928980004916	77.967360
jpf-regression/ExSymExeF2L_true.yml	true	true	1.950577	1.962584531000175	78.045184
jpf-regression/ExSymExeFNEG_false.yml	true	true	1.492485	1.5101355520000652	82.313216
jpf-regression/ExSymExeFNEG_true.yml	true	true	1.454887	1.4577744159996655	78.618624
jpf-regression/ExSymExeGetStatic_false.yml	true	false	1.314132	1.326927504998821	53.624832
jpf-regression/ExSymExeGetStatic_true.yml	true	true	1.762562	1.7856337600005645	53.379072
jpf-regression/ExSymExeI2D_false.yml	true	true	1.523079	1.534890319000624	88.801280
jpf-regression/ExSymExeI2D_true.yml	true	true	2.165567	2.17872968499978	113.143808
jpf-regression/ExSymExeI2F_false.yml	true	false	1.328508	1.3511812519991508	53.088256
jpf-regression/ExSymExeI2F_true.yml	true	true	1.450033	1.4529961890002596	79.212544
jpf-regression/ExSymExeLCMP_false.yml	true	false	1.860352	1.873726177998833	79.159296
jpf-regression/ExSymExeLCMP_true.yml	true	true	1.407934	1.4174198119999346	79.077376
jpf-regression/ExSymExeLongBytecodes_false.yml	true	false	1.577172	1.5966060980008479	88.289280
jpf-regression/ExSymExeLongBytecodes_true.yml	true	true	1.590269	1.6098511500003951	89.214976
jpf-regression/ExSymExeResearch_false.yml	true	false	2.126391	2.1373277829989092	82.718720
jpf-regression/ExSymExeResearch_true.yml	true	true	1.949226	1.9624750780003524	79.691776
jpf-regression/ExSymExeSimple_false.yml	true	false	1.456596	1.469621702999575	81.039360
jpf-regression/ExSymExeSimple_true.yml	true	true	1.496898	1.519376979998924	78.622720
jpf-regression/ExSymExeSuzette_false.yml	true	false	1.483976	1.496613838000485	79.044608
jpf-regression/ExSymExeSuzette_true.yml	true	true	1.97181	1.9794034360002115	79.859712
jpf-regression/ExSymExeSwitch_false.yml	true	false	1.480404	1.4925399979983922	78.630912
jpf-regression/ExSymExeSwitch_true.yml	true	true	1.470172	1.4731562379984098	77.946880
jpf-regression/ExSymExeTestAssignments_false.yml	true	false	1.877253	1.8891725769990444	78.594048
jpf-regression/ExSymExeTestAssignments_true.yml	true	true	1.469535	1.472491196998817	78.548992
jpf-regression/ExSymExeTestClassFields_false.yml	true	false	1.447137	1.4503111989997706	78.897152
jpf-regression/ExSymExeTestClassFields_true.yml	true	true	1.395616	1.3990976200002478	78.598144
jpf-regression/ExSymExe_false.yml	true	false	1.918846	1.9414766270001564	55.144448
jpf-regression/ExSymExe_true.yml	true	true	1.433942	1.4453910699994594	53.604352
jpf-regression/TestLazy_false.yml	true	false	1.848167	1.8710315039988927	78.422016
jpf-regression/TestLazy_true.yml	true	true	1.467821	1.4807464009991236	78.598144
java-ranger-regression/TCAS_prop1.yml	true	false	2.839764	2.856707228000232	90.636288
java-ranger-regression/TCAS_prop2.yml	true	true	7.970125	7.973658591001367	137.723904
java-ranger-regression/TCAS_prop3.yml	true	true	12.607285	12.618758225999045	132.624384
java-ranger-regression/apachecli_eqchk.yml	true	true	49.861957	49.876552350000566	120.446976
java-ranger-regression/schedule_eqchk.yml	true	true	4.763686	4.776927909999358	96.333824
java-ranger-regression/WBS/WBS_prop1.yml	true	false	1.570857	1.5836160159997235	79.093760
java-ranger-regression/WBS/WBS_prop2.yml	true	true	4.51532	4.526010837000285	119.054336
java-ranger-regression/WBS/WBS_prop3.yml	true	false	1.701615	1.716477763999137	91.529216
java-ranger-regression/WBS/WBS_prop4.yml	true	false	5.114552	5.117654431000119	119.070720
java-ranger-regression/alarm/Alarm_prop1.yml	true	true	1.972155	1.9850313429997186	83.374080
java-ranger-regression/alarm/Alarm_prop10.yml	true	true	2.069677	2.0862977990000218	97.288192
java-ranger-regression/alarm/Alarm_prop2.yml	true	true	1.982781	1.9900598330004868	82.788352
java-ranger-regression/alarm/Alarm_prop3.yml	true	true	1.950678	1.9633290210003906	82.436096
java-ranger-regression/alarm/Alarm_prop4.yml	true	true	2.131014	2.1491135219985154	98.390016
java-ranger-regression/alarm/Alarm_prop5.yml	true	true	2.717342	2.7301619070003653	83.189760
java-ranger-regression/alarm/Alarm_prop6.yml	true	true	2.016012	2.025310824999906	82.530304
java-ranger-regression/alarm/Alarm_prop8.yml	true	true	2.007968	2.015453317999345	84.267008
java-ranger-regression/alarm/Alarm_prop9.yml	true	true	1.950748	1.963600586001121	83.288064
java-ranger-regression/infusion/Infusion_prop1.yml	true	true	1.892565	1.9046430130001681	83.599360
java-ranger-regression/infusion/Infusion_prop10.yml	true	true	1.777988	1.7959861729996192	80.338944
java-ranger-regression/infusion/Infusion_prop11.yml	true	true	2.543704	2.5554532290007046	83.845120
java-ranger-regression/infusion/Infusion_prop12.yml	true	true	1.888137	1.908857796999655	92.323840
java-ranger-regression/infusion/Infusion_prop13.yml	true	true	1.815132	1.8258472529996652	82.563072
java-ranger-regression/infusion/Infusion_prop2.yml	true	true	1.809435	1.8167209809998894	84.303872
java-ranger-regression/infusion/Infusion_prop3.yml	true	true	2.622169	2.642886573999931	94.658560
java-ranger-regression/infusion/Infusion_prop4.yml	true	true	1.922546	1.9410295879988553	96.718848
java-ranger-regression/infusion/Infusion_prop5.yml	true	true	1.841962	1.8483622670009936	80.859136
java-ranger-regression/infusion/Infusion_prop6.yml	true	true	1.832389	1.8439780150001752	79.732736
java-ranger-regression/infusion/Infusion_prop7.yml	true	true	1.860598	1.8640544390000287	81.014784
java-ranger-regression/infusion/Infusion_prop8.yml	true	true	2.60413	2.622372945001189	89.337856
java-ranger-regression/infusion/Infusion_prop9.yml	true	true	1.911536	1.9313286449996667	92.327936
java-ranger-regression/siena_eqchk/siena_prop1.yml	true	true	24.937082	24.942437589999827	121.675776
java-ranger-regression/siena_eqchk/siena_prop2.yml	true	false	4.29102	4.302002177999384	100.233216
java-ranger-regression/replace5_eqchk/replace5_prop1.yml	true	true	6.659653	6.67149265199987	103.591936
java-ranger-regression/replace5_eqchk/replace5_prop2.yml	true	false	2.4613	2.473408030999053	81.321984
java-ranger-regression/nanoxml_eqchk/nanoxml_prop1.yml	false	unknown	4.110263	4.133606467999925	100.712448
java-ranger-regression/nanoxml_eqchk/nanoxml_prop2.yml	false	unknown	2.339139	2.3522614239991526	84.258816
java-ranger-regression/nanoxml_eqchk/nanoxml_prop3.yml	false	unknown	2.73601	2.7479177029999846	90.128384
java-ranger-regression/printtokens_eqchk/printtokens_prop1.yml	true	true	19.760789	19.776007645999925	152.694784
java-ranger-regression/printtokens_eqchk/printtokens_prop2.yml	true	false	2.232307	2.2458749650013488	78.729216
MinePump/spec1-5_product1.yml	true	false	1.661284	1.683857429001364	79.933440
MinePump/spec1-5_product10.yml	true	false	2.202535	2.206004075000237	79.843328
MinePump/spec1-5_product11.yml	true	false	2.721636	2.7320526280000195	94.990336
MinePump/spec1-5_product12.yml	true	false	2.40313	2.416738075999092	83.419136
MinePump/spec1-5_product13.yml	true	false	1.741337	1.755343762000848	88.383488
MinePump/spec1-5_product14.yml	true	false	2.211816	2.220938014999774	79.728640
MinePump/spec1-5_product15.yml	true	false	2.721407	2.7372497739997925	93.798400
MinePump/spec1-5_product16.yml	true	false	2.315305	2.328042146000371	83.066880
MinePump/spec1-5_product17.yml	true	false	1.624112	1.6411966619998566	81.027072
MinePump/spec1-5_product18.yml	true	false	2.311642	2.3248948580003344	88.829952
MinePump/spec1-5_product19.yml	true	false	2.994889	2.997712213998966	103.878656
MinePump/spec1-5_product2.yml	true	false	2.338254	2.3516264390000288	102.010880
MinePump/spec1-5_product20.yml	true	false	1.7978	1.800782275000529	85.487616
MinePump/spec1-5_product21.yml	true	false	1.623822	1.6270996929997636	79.126528
MinePump/spec1-5_product22.yml	true	false	1.725468	1.7315783869998995	102.223872
MinePump/spec1-5_product23.yml	true	false	3.893134	3.9013416430007055	93.855744
MinePump/spec1-5_product24.yml	true	false	1.78076	1.7937394380005571	85.274624
MinePump/spec1-5_product25.yml	true	false	2.196184	2.2092604509998637	80.060416
MinePump/spec1-5_product26.yml	true	false	1.592393	1.6022852309997688	79.704064
MinePump/spec1-5_product27.yml	true	false	2.889808	2.9019916620000004	108.761088
MinePump/spec1-5_product28.yml	true	false	1.706195	1.7095399209993047	83.755008
MinePump/spec1-5_product29.yml	true	false	1.771955	1.778448313998524	88.911872
MinePump/spec1-5_product3.yml	true	false	3.692304	3.7030678410010296	93.491200
MinePump/spec1-5_product30.yml	true	false	2.269309	2.2732780999995157	79.962112
MinePump/spec1-5_product31.yml	true	false	2.792246	2.8110435039998265	94.994432
MinePump/spec1-5_product32.yml	true	false	1.865227	1.8718792029994802	98.926592
MinePump/spec1-5_product33.yml	true	false	1.581181	1.585936314000719	79.052800
MinePump/spec1-5_product34.yml	true	false	2.146043	2.1500635119991784	79.155200
MinePump/spec1-5_product35.yml	true	false	2.771234	2.7777351759996236	100.978688
MinePump/spec1-5_product36.yml	true	false	1.864043	1.8723557100001926	84.430848
MinePump/spec1-5_product37.yml	true	false	1.584716	1.600415997001619	79.536128
MinePump/spec1-5_product38.yml	true	false	2.089957	2.0935510079998494	79.437824
MinePump/spec1-5_product39.yml	true	false	4.0814	4.09489104199929	106.053632
MinePump/spec1-5_product4.yml	true	false	1.827299	1.8367452120000962	84.516864
MinePump/spec1-5_product40.yml	true	false	1.854674	1.865991689999646	94.121984
MinePump/spec1-5_product41.yml	true	false	1.716489	1.7243738199995278	82.419712
MinePump/spec1-5_product42.yml	true	false	2.376792	2.3993419099988387	96.780288
MinePump/spec1-5_product43.yml	true	false	2.794123	2.804900999999518	93.462528
MinePump/spec1-5_product44.yml	true	false	1.746155	1.7594036509999569	83.435520
MinePump/spec1-5_product45.yml	true	false	1.823649	1.8382248210000398	104.886272
MinePump/spec1-5_product46.yml	true	false	2.276082	2.290259610001158	84.746240
MinePump/spec1-5_product47.yml	true	false	4.223689	4.237445038999795	109.068288
MinePump/spec1-5_product48.yml	true	false	1.77843	1.7892778640016331	82.743296
MinePump/spec1-5_product49.yml	true	false	1.602398	1.6053948310000123	80.744448
MinePump/spec1-5_product5.yml	true	false	1.601422	1.6113809990001755	80.019456
MinePump/spec1-5_product50.yml	true	false	2.108025	2.118461455000215	79.540224
MinePump/spec1-5_product51.yml	true	false	2.787701	2.800823790999857	99.315712
MinePump/spec1-5_product52.yml	true	false	1.738108	1.748847539000053	84.643840
MinePump/spec1-5_product53.yml	true	false	1.647066	1.6565177729989955	87.904256
MinePump/spec1-5_product54.yml	true	false	2.125281	2.131182049000927	80.801792
MinePump/spec1-5_product55.yml	true	false	2.588743	2.601220746999388	91.324416
MinePump/spec1-5_product56.yml	true	false	2.608488	2.6226769870008866	98.242560
MinePump/spec1-5_product57.yml	true	true	11.895996	11.904569716998594	115.167232
MinePump/spec1-5_product58.yml	true	true	11.364399	11.372912229000576	108.544000
MinePump/spec1-5_product59.yml	true	true	17.582443	17.602548695000223	111.947776
MinePump/spec1-5_product6.yml	true	false	1.69003	1.7021086600016133	90.443776
MinePump/spec1-5_product60.yml	true	true	18.259924	18.274476766999214	103.989248
MinePump/spec1-5_product61.yml	true	true	8.063713	8.072181540999736	108.044288
MinePump/spec1-5_product62.yml	true	true	8.122993	8.126544548000311	97.980416
MinePump/spec1-5_product63.yml	true	true	11.791868	11.80474444399988	103.141376
MinePump/spec1-5_product64.yml	true	true	11.104536	11.117605810999521	100.786176
MinePump/spec1-5_product7.yml	true	false	3.678723	3.6899320970005647	93.736960
MinePump/spec1-5_product8.yml	true	false	1.829453	1.8493376999995235	84.168704
MinePump/spec1-5_product9.yml	true	false	2.166534	2.179937839999184	79.560704
algorithms/BellmanFord-FunSat01.yml	true	true	3.240893	3.243844730001001	90.447872
algorithms/BellmanFord-FunSat02.yml	true	unknown	2.050192	2.0633048199997575	82.444288
algorithms/BellmanFord-FunUnsat01.yml	true	false	4.59065	4.603006552999432	89.964544
algorithms/BellmanFord-FunUnsat02.yml	true	unknown	1.51252	1.5189330920002249	88.154112
algorithms/BellmanFord-MemSat01.yml	true	true	3.296513	3.309396569000455	100.417536
algorithms/BellmanFord-MemSat02.yml	true	unknown	1.461835	1.4647318349998386	78.229504
algorithms/BellmanFord-MemUnsat01.yml	true	false	2.972583	2.9862823450002907	90.333184
algorithms/BellmanFord-MemUnsat02.yml	true	unknown	2.012376	2.0356774749998294	78.848000
algorithms/BinaryTreeSearch-FunSat01.yml	true	true	4.651631	4.667804631000763	97.517568
algorithms/BinaryTreeSearch-FunUnsat01.yml	true	false	1.695337	1.7167569770008413	92.905472
algorithms/BinaryTreeSearch-MemSat01.yml	true	true	9.912115	9.921280742000818	106.020864
algorithms/BinaryTreeSearch-MemUnsat01.yml	true	false	1.912389	1.9222249329995975	79.368192
algorithms/BinaryTreeSearch-MemUnsat02.yml	true	false	1.485266	1.487987324999267	78.905344
algorithms/InsertionSort-FunSat01.yml	true	true	1.70163	1.7047942099998181	82.632704
algorithms/InsertionSort-FunSat02.yml	true	true	2.301037	2.315891181000552	84.299776
algorithms/InsertionSort-FunUnsat01.yml	true	true	1.810797	1.8321097970001574	92.848128
algorithms/InsertionSort-MemSat01.yml	true	true	1.764288	1.7751467650014092	82.386944
algorithms/InsertionSort-MemUnsat01.yml	true	false	1.619901	1.643157787999371	82.051072
algorithms/MergeSortIterative-FunSat01.yml	true	true	1.676654	1.6893720789994404	80.248832
algorithms/MergeSortIterative-FunSat02.yml	true	true	2.181668	2.195091121000587	80.465920
algorithms/MergeSortIterative-FunUnsat01.yml	true	unknown	1.787367	1.8102744959996926	92.909568
algorithms/MergeSortIterative-MemSat01.yml	true	true	1.76298	1.775270976999309	92.278784
algorithms/MergeSortIterative-MemUnsat01.yml	true	true	1.792809	1.7961315649990865	94.801920
algorithms/RedBlackTree-FunSat01.yml	true	true	2.091763	2.0947069890007697	85.303296
algorithms/RedBlackTree-FunUnsat01.yml	true	false	2.390028	2.4115468849995523	83.816448
algorithms/RedBlackTree-MemSat01.yml	true	true	5.851344	5.861092697999993	96.423936
algorithms/RedBlackTree-MemUnsat01.yml	true	false	2.328367	2.336168945999816	86.110208
algorithms/SortedListInsert-FunSat01.yml	true	true	5.678047	5.6919221009993635	96.956416
algorithms/SortedListInsert-FunSat02.yml	true	true	10.562356	10.577321701000983	108.695552
algorithms/SortedListInsert-FunUnsat01.yml	true	false	2.904309	2.9240312419988186	98.086912
algorithms/SortedListInsert-MemSat01.yml	true	true	3.882672	3.906624067001758	102.223872
algorithms/SortedListInsert-MemUnsat01.yml	true	false	1.995585	2.0171604360002675	77.905920
algorithms/Trie-FunSat01.yml	true	true	1.620832	1.6244434600012028	88.391680
algorithms/Trie-FunUnsat01.yml	true	false	1.482183	1.4902172429992788	78.692352
algorithms/Trie-MemSat01.yml	true	true	1.646192	1.6574590149994037	78.331904
algorithms/Trie-MemUnsat01.yml	true	false	2.158469	2.174055306999435	81.375232
algorithms/Tsp-FunSat01.yml	true	unknown	1.444146	1.447332154999458	78.462976
algorithms/Tsp-FunUnsat01.yml	true	unknown	1.497692	1.515533559000687	82.182144
algorithms/Tsp-MemSat01.yml	true	unknown	1.471903	1.4777011170008336	81.920000
algorithms/Tsp-MemUnsat01.yml	true	unknown	1.478387	1.4891727730009734	78.290944
juliet-java/CWE369_Divide_by_Zero__float_connect_tcp_divide_01_bad.yml	true	unknown	2.029763	2.051886500999899	53.653504
juliet-java/CWE369_Divide_by_Zero__float_connect_tcp_divide_01_bad_version2.yml	true	unknown	1.497319	1.5080769220003276	55.726080
juliet-java/CWE369_Divide_by_Zero__float_connect_tcp_divide_01_good.yml	true	unknown	1.542748	1.5634965589997591	54.149120
juliet-java/CWE369_Divide_by_Zero__float_connect_tcp_divide_81a_bad.yml	true	unknown	1.524352	1.5379100299996935	53.911552
juliet-java/CWE369_Divide_by_Zero__float_connect_tcp_divide_81a_bad_version2.yml	true	unknown	1.563516	1.5876926119999553	53.624832
juliet-java/CWE369_Divide_by_Zero__float_connect_tcp_divide_81a_good.yml	true	unknown	2.051107	2.0672453520001	54.132736
juliet-java/CWE369_Divide_by_Zero__float_console_readLine_divide_54_bad.yml	true	unknown	1.507828	1.5174974870005826	54.046720
juliet-java/CWE369_Divide_by_Zero__float_console_readLine_divide_54_bad_version2.yml	true	unknown	1.999148	2.002448360000926	54.968320
juliet-java/CWE369_Divide_by_Zero__float_console_readLine_divide_54_good.yml	true	unknown	1.528974	1.5341927190002025	57.700352
jdart-regression/OverapproximationString01.yml	true	false	1.318429	1.3303361620000942	53.157888
jdart-regression/URLDecoder01.yml	false	false	1.381727	1.4040434130001813	57.176064
jdart-regression/URLDecoder02.yml	false	false	1.927892	1.9309661930001312	57.126912
jdart-regression/addition01.yml	true	true	1.515475	1.527929594998568	80.461824
jdart-regression/array-iteration01.yml	true	false	2.386292	2.4087722360000043	96.509952
jdart-regression/boundcheck100.yml	true	false	2.701599	2.712998176999463	104.189952
jdart-regression/boundcheck200.yml	true	false	3.54098	3.5534847310009354	114.917376
jdart-regression/boundcheck30.yml	true	false	1.641989	1.6550591949999216	82.010112
jdart-regression/double2long.yml	true	true	1.939662	1.9488101139995706	79.769600
jdart-regression/float.yml	true	true	1.867164	1.88069534799979	78.295040
jdart-regression/list2.yml	true	true	63.821957	63.82913725099934	170.475520
jdart-regression/radians.yml	true	unknown	1.378585	1.3912199450005573	56.385536
jdart-regression/shifting.yml	true	true	1.931058	1.9399244199994428	79.007744
jdart-regression/shifting2.yml	true	true	1.880385	1.8917379199992865	79.626240
jdart-regression/shifting3.yml	true	false	1.370198	1.3814108000005945	78.651392
jdart-regression/startswith.yml	true	false	1.435962	1.4574874830013869	57.135104
securibench/Aliasing1.yml	true	false	3.730435	3.744067934998384	63.930368
securibench/Aliasing2.yml	true	true	2.578677	2.5914686439991783	56.434688
securibench/Aliasing3.yml	true	true	2.618643	2.641583733000516	55.140352
securibench/Aliasing4.yml	true	false	3.524939	3.537672358999771	60.108800
securibench/Aliasing5.yml	true	false	2.688034	2.6979665260005277	71.991296
securibench/Aliasing6.yml	true	false	2.709269	2.7289506050001364	58.847232
securibench/Arrays1.yml	true	false	3.64652	3.6653955260007933	61.100032
securibench/Arrays10.yml	false	unknown	3.47904	3.4825349090006057	58.621952
securibench/Arrays2.yml	true	false	2.725028	2.7453648840000824	64.978944
securibench/Arrays3.yml	true	false	2.611057	2.6213835970011132	59.101184
securibench/Arrays4.yml	true	false	3.670007	3.6835552219999954	59.224064
securibench/Arrays5.yml	true	true	3.451287	3.464655200999914	58.134528
securibench/Arrays6.yml	true	false	2.804888	2.82990356099981	58.593280
securibench/Arrays7.yml	true	false	2.808164	2.8237393270010216	58.863616
securibench/Arrays8.yml	true	false	3.694093	3.7119751350001025	60.260352
securibench/Arrays9.yml	true	false	3.572115	3.5853635650000797	60.063744
securibench/Basic1.yml	true	false	2.681557	2.6903756089996023	58.990592
securibench/Basic10.yml	true	false	2.634013	2.656264551998902	58.650624
securibench/Basic11.yml	true	unknown	2.73533	2.7511083119989053	61.394944
securibench/Basic12.yml	true	false	2.741719	2.754913824999676	80.183296
securibench/Basic15.yml	true	false	3.710989	3.714571012998931	59.109376
securibench/Basic16.yml	true	false	3.492552	3.5053409859992826	60.391424
securibench/Basic17.yml	true	false	2.661142	2.667297439000322	61.480960
securibench/Basic18.yml	true	false	2.808662	2.8309854269991774	64.282624
securibench/Basic19.yml	true	false	3.453719	3.475423341998976	58.392576
securibench/Basic2.yml	true	false	3.692676	3.6961260699990817	81.006592
securibench/Basic20.yml	true	false	2.600949	2.6128931189996365	59.977728
securibench/Basic21.yml	true	unknown	2.787821	2.8054418890005763	73.424896
securibench/Basic24.yml	true	unknown	3.782613	3.8038199020011234	69.136384
securibench/Basic25.yml	true	unknown	3.834365	3.8376368549998006	62.291968
securibench/Basic26.yml	true	false	2.575912	2.5838460639988625	63.721472
securibench/Basic27.yml	true	false	2.628931	2.631704133000312	58.486784
securibench/Basic28.yml	true	true	2.602283	2.6151652860007744	54.865920
securibench/Basic29.yml	true	false	2.703836	2.7150244349995774	59.252736
securibench/Basic3.yml	true	unknown	3.405365	3.428073338998729	56.188928
securibench/Basic30.yml	true	false	3.617443	3.626825662999181	59.252736
securibench/Basic31.yml	true	false	2.76055	2.7723372809996363	71.962624
securibench/Basic32.yml	true	false	2.751094	2.7694142880009167	64.454656
securibench/Basic33.yml	true	false	3.573495	3.5898270580000826	61.767680
securibench/Basic34.yml	true	false	3.709427	3.720042013001148	61.652992
securibench/Basic35.yml	true	false	2.717521	2.7294215640013135	58.298368
securibench/Basic37.yml	true	false	2.901424	2.921775147999142	104.030208
securibench/Basic38.yml	true	false	3.631518	3.6506243260009796	81.403904
securibench/Basic39.yml	true	false	2.878518	2.8913555260005523	85.176320
securibench/Basic4.yml	true	false	3.642519	3.6620821340002294	81.457152
securibench/Basic5.yml	true	unknown	2.592773	2.601686878999317	54.812672
securibench/Basic6.yml	true	unknown	2.616888	2.627797469000143	57.196544
securibench/Basic7.yml	true	unknown	3.427051	3.440386270998715	54.964224
securibench/Basic8.yml	true	true	2.598064	2.606157948001055	54.800384
securibench/Basic9.yml	true	false	3.651421	3.6643162130003475	80.601088
securibench/Collections1.yml	true	false	2.687221	2.7052880179999192	62.005248
securibench/Collections10.yml	true	false	2.707845	2.7262190370001917	63.275008
securibench/Collections12.yml	true	false	3.568265	3.5802155540004605	61.046784
securibench/Collections13.yml	true	true	3.699668	3.71491970399984	62.984192
securibench/Collections14.yml	true	false	3.353129	3.39409469200109	75.616256
securibench/Collections2.yml	true	false	2.633694	2.655484526998407	58.978304
securibench/Collections3.yml	true	false	3.565669	3.578783734999888	58.941440
securibench/Collections4.yml	true	false	3.733437	3.745756247999452	62.451712
securibench/Collections5.yml	true	false	2.699748	2.719117765000192	61.886464
securibench/Collections6.yml	true	false	2.823265	2.905465603000266	61.734912
securibench/Collections7.yml	true	false	3.508384	3.524345087000256	61.296640
securibench/Collections8.yml	true	true	2.725541	2.745783542999561	59.248640
securibench/Collections9.yml	false	unknown	2.866526	2.943276218000392	61.419520
securibench/Datastructures1.yml	true	false	3.682699	3.695752358999016	59.908096
securibench/Datastructures2.yml	true	false	2.706546	2.72504547599965	62.226432
securibench/Datastructures3.yml	true	false	3.531419	3.544653553999524	61.198336
securibench/Datastructures4.yml	true	true	2.671663	2.7499207639993983	57.126912
securibench/Datastructures5.yml	true	unknown	3.53069	3.5429714729998523	55.140352
securibench/Datastructures6.yml	true	false	3.565056	3.586985245001415	78.372864
securibench/Factories1.yml	true	unknown	2.691763	2.7565277100002277	55.406592
securibench/Factories2.yml	true	false	3.508119	3.526999440999134	61.644800
securibench/Factories3.yml	true	false	3.754621	3.776459074999366	58.335232
securibench/Inter1.yml	true	false	2.6793	2.7044244739990972	58.953728
securibench/Inter10.yml	true	unknown	2.56079	2.563580940000975	56.823808
securibench/Inter11.yml	true	unknown	2.530989	2.5424444770014816	56.541184
securibench/Inter12.yml	true	false	3.459829	3.482834731999901	58.306560
securibench/Inter13.yml	true	false	2.752627	2.766202128999794	61.607936
securibench/Inter14.yml	true	false	2.659878	2.6627193160002207	62.193664
securibench/Inter2.yml	true	false	3.77211	3.7949260999994294	58.945536
securibench/Inter3.yml	true	false	2.762615	2.7756662699994195	57.876480
securibench/Inter4.yml	true	false	3.697933	3.716262490999725	58.413056
securibench/Inter5.yml	true	unknown	3.187457	3.223948073000429	56.176640
securibench/Inter6.yml	true	false	3.085586	3.1431411120011035	59.457536
securibench/Inter7.yml	true	false	2.826225	2.899445998000374	59.019264
securibench/Inter8.yml	true	false	3.846087	3.8731868419999955	60.887040
securibench/Inter9.yml	true	unknown	3.306528	3.3167092759995285	54.480896
securibench/Pred1.yml	true	true	2.588414	2.6006823320003605	54.472704
securibench/Pred2.yml	true	false	2.806837	2.8096142649992544	80.130048
securibench/Pred3.yml	true	true	2.804055	2.818286959998659	89.149440
securibench/Pred4.yml	true	false	3.684289	3.701986547999695	62.074880
securibench/Pred5.yml	true	false	2.757628	2.783843432998765	57.896960
securibench/Pred6.yml	true	true	2.77601	2.78813661499953	54.951936
securibench/Pred7.yml	true	true	3.483725	3.501958091999768	56.201216
securibench/Pred8.yml	true	false	2.798022	2.8538774629996624	61.792256
securibench/Pred9.yml	true	false	2.723128	2.7410015119985474	61.186048
securibench/Refl1.yml	true	false	3.738391	3.75582703299915	58.990592
securibench/Refl2.yml	true	true	2.776512	2.799075103001087	55.758848
securibench/Refl3.yml	true	false	2.77902	2.8032716100005928	59.396096
securibench/Refl4.yml	true	false	3.575254	3.5843988390006416	66.883584
securibench/Sanitizers1.yml	true	false	3.198047	3.2187055039994448	98.856960
securibench/Sanitizers2.yml	true	false	3.373656	3.3971558100001857	100.458496
securibench/Sanitizers3.yml	true	unknown	2.949838	2.9733477889985807	58.654720
securibench/Sanitizers4.yml	true	false	3.974699	3.9882841060007195	82.198528
securibench/Sanitizers5.yml	true	unknown	3.784895	3.7999895659995673	74.268672
securibench/Sanitizers6.yml	true	false	3.158284	3.2112286619994848	80.785408
securibench/Session1.yml	true	false	2.96238	2.9662334069998906	58.580992
securibench/Session2.yml	true	false	3.037892	3.0887685170000623	61.820928
securibench/Session3.yml	true	false	3.997116	4.001461769001253	61.849600
securibench/StrongUpdates1.yml	true	true	3.68227	3.6990224300006957	55.156736
securibench/StrongUpdates2.yml	true	true	3.044985	3.063282428000093	57.819136
securibench/StrongUpdates3.yml	true	true	2.923215	2.926137275999281	54.820864
securibench/StrongUpdates4.yml	true	true	2.813514	2.8256209089995536	55.590912
securibench/StrongUpdates5.yml	false	unknown	3.766972	3.7808001329995022	55.844864
float-nonlinear-calculation/Bessel.yml	true	true	1.954359	1.9723266040000453	81.973248
float-nonlinear-calculation/Conflict.yml	true	true	1.634772	1.648039826999593	78.987264
float-nonlinear-calculation/EulerMethod.yml	true	unknown	1.657962	1.6712083380007243	82.284544
float-nonlinear-calculation/MathSin.yml	true	unknown	2.08708	2.099601427999005	55.111680
float-nonlinear-calculation/Optimization1.yml	true	unknown	2.150783	2.1667836289998377	81.686528
float-nonlinear-calculation/Optimization2.yml	true	unknown	2.113398	2.1265453239993803	78.045184
float-nonlinear-calculation/Optimization3.yml	true	true	2.713228	2.7232760110000527	82.432000
float-nonlinear-calculation/Optimization4.yml	true	unknown	2.182409	2.1932827939999697	80.969728
float-nonlinear-calculation/Optimization5.yml	true	unknown	2.765064	2.7685806839999714	79.466496
float-nonlinear-calculation/Optimization6.yml	true	unknown	2.154361	2.1643567499995697	81.985536
float-nonlinear-calculation/PartitionEx.yml	true	true	1.721035	1.732543178000924	81.264640
float-nonlinear-calculation/TurnLogic.yml	true	true	1.830285	1.8432069049995334	53.424128
float-nonlinear-calculation/coral1.yml	true	unknown	1.998751	2.015152632000536	78.548992
float-nonlinear-calculation/coral10.yml	true	unknown	1.930235	1.9519667089989525	87.990272
float-nonlinear-calculation/coral11.yml	true	unknown	2.6567	2.6804857709994394	80.003072
float-nonlinear-calculation/coral12.yml	true	unknown	1.917806	1.930214222998984	78.704640
float-nonlinear-calculation/coral13.yml	true	unknown	2.547924	2.5616201939992607	78.630912
float-nonlinear-calculation/coral14.yml	true	unknown	1.961374	1.964447714999551	80.490496
float-nonlinear-calculation/coral15.yml	true	unknown	2.28304	2.3160385950013733	88.674304
float-nonlinear-calculation/coral16.yml	true	true	2.264699	2.2898720399989543	82.239488
float-nonlinear-calculation/coral17.yml	true	unknown	2.875367	2.8886269519989582	77.570048
float-nonlinear-calculation/coral18.yml	true	unknown	2.138317	2.157401555001343	80.031744
float-nonlinear-calculation/coral19.yml	true	unknown	2.634326	2.64554995799881	78.671872
float-nonlinear-calculation/coral2.yml	true	unknown	2.237821	2.244748115999755	83.501056
float-nonlinear-calculation/coral20.yml	true	unknown	2.050653	2.059739181999248	78.958592
float-nonlinear-calculation/coral21.yml	true	unknown	2.242927	2.258721553000214	88.203264
float-nonlinear-calculation/coral22.yml	true	unknown	1.976035	1.9898690870013525	78.454784
float-nonlinear-calculation/coral23.yml	true	true	2.583405	2.5973737300009816	78.073856
float-nonlinear-calculation/coral26.yml	true	true	1.937616	1.948690880999493	77.250560
float-nonlinear-calculation/coral27.yml	true	unknown	2.553652	2.557218134001232	77.946880
float-nonlinear-calculation/coral28.yml	true	unknown	1.950108	1.9630971570004476	78.499840
float-nonlinear-calculation/coral29.yml	true	unknown	1.948751	1.9586249610001687	80.060416
float-nonlinear-calculation/coral3.yml	true	true	1.969208	1.9761777149997215	81.592320
float-nonlinear-calculation/coral30.yml	true	unknown	1.919487	1.9271247689994198	54.943744
float-nonlinear-calculation/coral31.yml	true	true	2.690978	2.7022771920001105	83.095552
float-nonlinear-calculation/coral32.yml	true	unknown	1.945073	1.9578319900010683	78.446592
float-nonlinear-calculation/coral33.yml	true	unknown	2.568446	2.58009245500034	82.419712
float-nonlinear-calculation/coral34.yml	true	unknown	1.95309	1.9754082949984877	78.315520
float-nonlinear-calculation/coral35.yml	true	unknown	1.927061	1.9397619539995503	78.438400
float-nonlinear-calculation/coral36.yml	true	unknown	1.904751	1.9174816609993286	56.180736
float-nonlinear-calculation/coral38.yml	true	unknown	1.974194	1.9894517749999068	82.976768
float-nonlinear-calculation/coral39.yml	true	unknown	1.912674	1.9257909300013125	80.125952
float-nonlinear-calculation/coral4.yml	true	unknown	2.661655	2.6694089810007426	79.462400
float-nonlinear-calculation/coral40.yml	true	unknown	2.632504	2.65445421000004	81.416192
float-nonlinear-calculation/coral41.yml	true	unknown	2.01814	2.0526139910016354	92.520448
float-nonlinear-calculation/coral42.yml	true	unknown	2.061688	2.0741261950006447	87.822336
float-nonlinear-calculation/coral43.yml	true	unknown	1.981841	1.9944753339987074	80.039936
float-nonlinear-calculation/coral44.yml	true	unknown	2.087785	2.102827751999939	82.702336
float-nonlinear-calculation/coral45.yml	true	unknown	1.927968	1.9411964709997847	77.860864
float-nonlinear-calculation/coral46.yml	true	unknown	2.645239	2.6594100639995304	78.811136
float-nonlinear-calculation/coral48.yml	true	true	1.901168	1.9241763970003376	78.909440
float-nonlinear-calculation/coral49.yml	true	unknown	2.535021	2.538520277999851	80.752640
float-nonlinear-calculation/coral5.yml	true	true	1.947945	1.9696362750000844	80.760832
float-nonlinear-calculation/coral50.yml	true	unknown	1.990434	1.994445287000417	77.647872
float-nonlinear-calculation/coral51.yml	true	unknown	1.858548	1.871264978999534	80.179200
float-nonlinear-calculation/coral52.yml	true	unknown	1.966132	1.9785183330004656	78.524416
float-nonlinear-calculation/coral53.yml	true	unknown	2.668003	2.6812725580002734	79.089664
float-nonlinear-calculation/coral54.yml	true	unknown	2.52198	2.535712609998882	79.753216
float-nonlinear-calculation/coral55.yml	true	true	1.963952	1.9804037189987866	87.977984
float-nonlinear-calculation/coral56.yml	true	true	1.975148	1.9975223250003182	79.867904
float-nonlinear-calculation/coral57.yml	true	true	2.023338	2.0273706579991995	88.621056
float-nonlinear-calculation/coral58.yml	true	true	1.959716	1.9726858459998766	79.437824
float-nonlinear-calculation/coral59.yml	true	true	1.978779	1.9916675139993458	78.209024
float-nonlinear-calculation/coral6.yml	true	unknown	2.536639	2.5440585850010393	78.123008
float-nonlinear-calculation/coral60.yml	true	true	2.667972	2.6882804289998603	78.663680
float-nonlinear-calculation/coral61.yml	true	true	1.916626	1.9197975730003236	79.122432
float-nonlinear-calculation/coral62.yml	true	true	1.924833	1.9349051119988872	78.700544
float-nonlinear-calculation/coral63.yml	true	true	1.943958	1.9571752960000595	78.839808
float-nonlinear-calculation/coral64.yml	true	true	2.048127	2.060975394999332	78.192640
float-nonlinear-calculation/coral65.yml	true	true	2.003085	2.017992561999563	81.731584
float-nonlinear-calculation/coral66.yml	true	true	1.904353	1.9146886600010475	78.893056
float-nonlinear-calculation/coral67.yml	true	true	2.515971	2.5383541219998733	78.688256
float-nonlinear-calculation/coral68.yml	true	true	2.765895	2.7787038759997813	82.096128
float-nonlinear-calculation/coral69.yml	true	true	1.935576	1.9412396770003397	78.311424
float-nonlinear-calculation/coral71.yml	true	unknown	2.003448	2.0134874239993223	93.216768
float-nonlinear-calculation/coral72.yml	true	unknown	1.923207	1.936465816999771	78.569472
float-nonlinear-calculation/coral73.yml	true	unknown	1.906823	1.9294359349987644	82.706432
float-nonlinear-calculation/coral74.yml	true	unknown	2.040695	2.0621154960008425	81.661952
float-nonlinear-calculation/coral75.yml	true	unknown	2.647973	2.666634797998995	81.141760
float-nonlinear-calculation/coral76.yml	true	true	2.856392	2.868294187999709	81.723392
float-nonlinear-calculation/coral77.yml	true	true	2.054303	2.0772945409989916	77.860864
float-nonlinear-calculation/coral79.yml	true	true	2.203025	2.223360717000105	80.973824
float-nonlinear-calculation/coral80.yml	true	true	2.218359	2.2255494099990756	81.702912
float-nonlinear-calculation/coral81.yml	true	unknown	2.094067	2.1009217539995007	87.965696
float-nonlinear-calculation/coral84.yml	true	unknown	2.603927	2.614886497000043	81.457152
float-nonlinear-calculation/coral9.yml	true	unknown	1.961593	1.9691513480011054	78.311424
float-nonlinear-calculation/coral91.yml	true	true	2.500358	2.507220020999739	78.442496
